prompt,ground_truth,o1_preview_response,human_label
"""Which boxer famously said,"""" If I can't beat this bum take my name off the record books?""""""
Therefore, the answer is","['rocco francis marchegiano', 'rocky marciano', 'brockton bomber', 'marciano rocky', 'brockton blockbuster', 'rocco marchegiano']",Joe Louis.,0
"A group of which fish is called a Lap?
Therefore, the answer is","['cod cheeks', 'cods', 'gadus genus', 'cod', 'skrei', 'codfish', 'cod fish', 'cod trade']","A group of **cod** is called a **lap**.

The term ""lap"" is one of the collective nouns used to describe a gathering of codfish. Just as we say a ""school of fish"" or a ""pride of lions,"" specific animals often have unique collective nouns assigned to them. In the case of cod, ""lap"" is the term used.",1
"Andrew Lloyd Webber and Tim Rice first worked together on which musical?
Therefore, the answer is",['likes of us'],"Therefore, the answer is **""The Likes of Us.""**",1
"Are you going to come quietly, or do I have to use earplugs?
Therefore, the answer is","['terence alan patrick se√°n milligan', 'terence alan patrick se√°n milligan kbe', 'spike milligan']","Therefore, the answer is that if you don't agree to come quietly, the speaker anticipates you'll make a lot of noise‚Äîso much so that they'll need earplugs to cope with it. It's a humorous way of suggesting that causing a fuss won't help and might be more troublesome for everyone involved. The speaker is playfully encouraging you to cooperate peacefully.",0
"Art Garfunkel trained for which profession although he didn't qualify?
Therefore, the answer is","['master builder occupation', 'graziani corazza', 'architecht', 'clifford lawrie', 'architechts', 'architects', 'registered architect', 'hok canada inc', 'architect', 'stanford downey architects inc']","Art Garfunkel trained to become a **mathematics teacher** but did not complete the necessary qualifications to pursue that profession. He earned a master's degree in mathematics education from Teachers College, Columbia University, and even began doctoral studies. However, his burgeoning music career with Paul Simon eventually took precedence, and he did not finish his doctorate. Therefore, the answer is that he trained to be a mathematics teacher but did not qualify.",0
"As at March 2001, who holds the record for scoring the most league goals for the soccer team Arsenal?
Therefore, the answer is","['ian wright', 'mr wright']","Therefore, the answer is Cliff Bastin.",0
"Betty, Earl and Joyce are the puppet pensioners in ads for which company?
Therefore, the answer is","['wonga', 'wonga disambiguation']","As of my latest information in October 2023, there are no well-known companies that feature puppet pensioners named Betty, Earl, and Joyce in their advertisements. It's possible that this is a very recent advertising campaign that emerged after my last update. I recommend checking the most recent commercials or company announcements for the latest information.",0
"Bonar Law is the only Prime Minister not born in the UK. In which country was he born?
Therefore, the answer is","['canada s', 'canad√°', '·ë≤·ìá·ëï', 'ƒçanada', 'canadaa', 'america s top hat', 'cnada', 'kenadian', 'xanada', 'canadian federation', 'iso 3166 1 ca', 'canadialand', 'canada', 'canada references', 'dominion of canada', 'commonwealth of canada', 'etymology of canada', 'canadiophile']","Therefore, the answer is **Canada**.",1
"Bosworth cheese comes from which English county?
Therefore, the answer is","['county of stafford', 'staffs', 'staffordshire england', 'staffordshire']",Leicestershire.,0
"During which year was Washington DC declared the capital of the USA?
Therefore, the answer is","['one thousand seven hundred and ninety', '1790']","Therefore, the answer is **1800**.",0
"Five-legged creatures have damaged which 1250 mile long wonder of the world?
Therefore, the answer is","['douglas shoal', 'great detached reef', 'great barrier reef history', 'great barrier reef', 'great barrier reef world heritage area']",The Great Barrier Reef.,1
"Fruit, cricket and horseshoe are varieties of what type of animal?
Therefore, the answer is","['bats', 'bat wing', 'cheiroptera', 'artificial bat roost', 'chiropterology', 'flinder mouse', 'chiropter', 'chiropterologist', 'chiroptera', 'bat groups', 'bat species', 'bat evolution', 'bat life expectancy', 'chiroptologist', 'chiropteras', 'flittermouse', 'bat roost', 'bat', 'barotrauma and wind turbines', 'chiropteran', 'bat conservation', 'bat animal']","Fruit, cricket, and horseshoe are varieties of **bats**.

Therefore, the answer is **bats**.",1
"How long does it take, approximately, for light to travel from the Sun to the Earth?
Therefore, the answer is",['about 8 minutes'],"It takes approximately **8 minutes and 20 seconds** for light to travel from the Sun to the Earth.

**Explanation:**

- The average distance between the Sun and the Earth is about **149.6 million kilometers** (which is defined as one Astronomical Unit, or 1 AU).
- The speed of light in a vacuum is about **299,792 kilometers per second**.

To calculate the time \( t \) it takes for light to travel from the Sun to the Earth:

\[
t = \frac{\text{Distance}}{\text{Speed}} = \frac{149,600,000\, \text{km}}{299,792\, \text{km/s}} \approx 499\, \text{seconds}
\]

- **499 seconds** is approximately **8 minutes and 19 seconds**.

Therefore, when we observe the Sun from Earth, we're actually seeing it as it was about 8 minutes and 20 seconds ago. This delay is due to the finite speed at which light travels through space.",1
"How long was swimmer Michelle Smith-de Bruin banned for attempting to manipulate a drugs test?
Therefore, the answer is","['four time', '4 years', '4 time']",Michelle Smith-de Bruin was banned from competition for **four years** for attempting to manipulate a drug test.,1
"How many US Presidents have been impeached?
Therefore, the answer is","['2', 'two']","Three U.S. Presidents have been impeached by the House of Representatives:

1. **Andrew Johnson** in 1868: He was impeached primarily for violating the Tenure of Office Act by attempting to remove Secretary of War Edwin M. Stanton without Senate approval. Johnson was acquitted by the Senate by one vote and remained in office.

2. **Bill Clinton** in 1998: He faced impeachment on charges of perjury and obstruction of justice related to the Monica Lewinsky scandal. Clinton was also acquitted by the Senate and served the remainder of his term.

3. **Donald Trump** was impeached **twice**:
   - **First Impeachment in December 2019**: He was charged with abuse of power and obstruction of Congress concerning his dealings with Ukraine. The Senate acquitted him in February 2020.
   - **Second Impeachment in January 2021**: This charge was incitement of insurrection following the events at the U.S. Capitol on January 6, 2021. The Senate acquitted him again in February 2021.

Therefore, the answer is that **three U.S. Presidents have been impeached**. While there have been four presidential impeachments in total, they involved these three presidents. It's important to note that impeachment by the House does not remove a president from office; removal requires a conviction by a two-thirds majority in the Senate, which has not happened to any U.S. president to date.",1
"How many definite suicides occur in the plays of William Shakespeare?
Therefore, the answer is","['13', 'thirteen']","William Shakespeare's plays feature several characters who take their own lives. The definite suicides occur in the following plays:

1. **Romeo and Juliet**:
   - **Romeo**: Believing Juliet is dead, he drinks poison.
   - **Juliet**: Upon awakening to find Romeo dead, she stabs herself with his dagger.

2. **Julius Caesar**:
   - **Cassius**: Misled into thinking Brutus has been defeated, he has his servant Pindarus help him kill himself with his own sword.
   - **Brutus**: Defeated in battle, he runs onto his sword held by his servant Strato.
   - **Titinius**: Overcome with grief at Cassius's death, he kills himself with Cassius's sword.
   - **Portia**: Although her death occurs offstage, it's reported that she commits suicide by swallowing hot coals due to her anxiety over Brutus's absence.

3. **Othello**:
   - **Othello**: Realizing he was deceived into murdering his innocent wife Desdemona, he takes his own life with a dagger.

4. **Antony and Cleopatra**:
   - **Mark Antony**: Believing Cleopatra is dead, he attempts suicide by falling on his sword. He is mortally wounded and dies after being brought to Cleopatra.
   - **Cleopatra**: To avoid being paraded as a captive in Rome, she allows herself to be bitten by a venomous asp.

5. **Macbeth**:
   - **Lady Macbeth**: Plagued by guilt and madness from her role in the murders, it's reported she dies by suicide offstage.

Therefore, the answer is **ten** definite suicides that occur in the plays of William Shakespeare.",0
"How many runs did Donald Bradman score in his last ever test match innings?
Therefore, the answer is","['none', 'none disambiguation']","Donald Bradman scored **0 runs** in his last ever Test match innings. In his final innings against England at The Oval in 1948, he was bowled for a duck (zero runs) by Eric Hollies. This unfortunate dismissal left his remarkable career Test batting average at 99.94, just shy of the coveted 100.",1
"In Hanna and Barbera's TV cartoons base on The Addams Family who was the voice of Gomez?
Therefore, the answer is",['john astin'],"John Astin provided the voice of Gomez Addams in Hanna-Barbera's animated TV cartoons based on **The Addams Family**. Astin is well-known for originally portraying Gomez in the 1960s live-action television series, and he reprised his role by voicing the character in the animated adaptations.",1
"In computers, the X-Y Position Indicator for a Display System is now known as what?
Therefore, the answer is","['cursors', 'cursor', 'cursor disambiguation', 'cursers', 'curser']","Therefore, the answer is the computer mouse.",0
"In the 1904 Olympics, how many of the 23 track and field titles were won by Americans?
Therefore, the answer is","['twenty one', '21']","In the 1904 Summer Olympics held in St. Louis, Missouri, the track and field events (athletics) were dominated by American athletes. Out of the 23 track and field titles contested, American athletes won **21** of them.

Two events were won by non-American athletes:

1. **Men's 56 lb Weight Throw**: This event was won by √âtienne Desmarteau of Canada.
2. **Men's All-Around (the precursor to the modern decathlon)**: This event was won by Tom Kiely of Ireland, who competed for Great Britain.

Therefore, the United States secured 21 out of the 23 track and field titles at the 1904 Olympics.

**Answer: 21**",1
"In the lyrics of ‚ÄòHello, Hello, Who‚Äôs Your Lady Friend?‚Äô, Margate is mentioned in the verse.
Therefore, the answer is","['brighthelmstone', 'brighton borough council', 'county borough of brighton', 'brighton music', 'brighton uk', 'brighton england', 'brighton', 'un locode gbbsh', 'brighton east sussex', 'brighton sussex', 'brighton ferry', 'mayor of brighton']","Therefore, the answer is Margate.",0
"In what year was the first Tarzan novel published?
Therefore, the answer is","['1914', 'one thousand nine hundred and fourteen']",1912,0
"In what year was the first in-flight movie shown on an internal flight in the USA.
Therefore, the answer is","['one thousand nine hundred and twenty nine', '1929']","The first in-flight movie shown on an internal flight in the United States was in **1921**. During the Chicago ""Pageant of Progress"" Exposition in August 1921, a short film titled **""Howdy Chicago!""** was screened for passengers aboard an Aeromarine Airways amphibious airplane as it flew over Lake Michigan and the city of Chicago. This event is considered the first instance of in-flight entertainment using motion pictures on a commercial flight in the U.S.",0
"In what year's Olympics were electric timing devices and a public-address system used for the first time?
Therefore, the answer is",['in 1912 in stockholm'],the 1932 Olympic Games held in Los Angeles. This was the first time electric timing devices and a public-address system were used in the Olympics.,0
"In which 1956 film did actress Gina Lollobrigida make her debut in American films?
Therefore, the answer is","['aerial art', 'trapeze artist', 'trapese', 'trapeze', 'swinging trapeze']","Therefore, the answer is **""Trapeze.""**",1
"In which London thoroughfare is The Monument?
Therefore, the answer is",['pudding lane'],"The Monument, officially known as the Monument to the Great Fire of London, is located on Monument Street in the City of London. It stands at the junction of Monument Street and Fish Street Hill, near the northern end of London Bridge.

Therefore, the answer is **Monument Street**.",0
"In which country is the Sky Train Rail bridge?
Therefore, the answer is","['canada s', 'canad√°', '·ë≤·ìá·ëï', 'ƒçanada', 'canadaa', 'america s top hat', 'cnada', 'kenadian', 'xanada', 'canadian federation', 'iso 3166 1 ca', 'canadialand', 'canada', 'canada references', 'dominion of canada', 'commonwealth of canada', 'etymology of canada', 'canadiophile']","The Sky Train Rail bridge is located in Nigeria. It is part of the Lagos Rail Mass Transit system, specifically the Blue Line, which includes a dedicated rail bridge over the Lagos Lagoon. This project aims to improve transportation within Lagos by providing a reliable and efficient rail service.

Therefore, the answer is **Nigeria**.",0
"In which country is the castle that gives the Habsburg dynasty its name?
Therefore, the answer is","['der schweiz', 'switzeland', 'confederation helvetia', 'confederatio helvetica', 'swissland', 'switzerland information', 'confederation suisse', 'switserland', 'conf√©d√©ration suisse', 'swizterland', 'confederation of helvatia', 'swizerland', 'svizzera', 'confederation helvetica', 'land of switzers', 'suiza', 'confederaziun svizra', 'schweiz', 'etymology of switzerland', 'die schweiz', 'suisse', 'confederazione svizzera', 'swiss', 'svizra', 'switzerland', 'schweitz', 'swiss confederation', 'switz', 'svissland', 'schwitzerland', 'environmental integrity group', 'land of swiss', 'schweizerische eidgenossenschaft', 'swissenergy', 'conf≈ìderatio helvetica', 'confoederatio helvetica', 'switzer land', '≈°v√Ωcarsko', 'swiss confederated states', 'iso 3166 1 ch']",Switzerland.,1
"In which country was Earl Spencer's acrimonious divorce settlement heard?
Therefore, the answer is","['zuidafrika', 'azania south africa', 'south africans', 'zuid africa', 'suid africa', 'afrique du sud', 'saffa', 'south africa s', 'third republic south africa', 'ningizimu afrika', 'sou frica', 'iso 3166 1 za', 'soufrica', 'capital of south africa', 's afr', 'seth efrika', 'zuid afrika', 'suid afrika', 'south africa√†', 's africa', 'republic of south africa', 'rep of south africa', 'south african', 'beloved country', 'south africa', 'southafrica', 'mzansi', 'republiek van suid afrika']",South Africa.,1
"In which decade did stereo records first go on sale?
Therefore, the answer is","['1930‚Äì1939', '30s', 'nineteen thirties', '1930 1939', 'thirties', '1930s literature', '1930s decade', '1930s', '1930 s', '6030s']","Therefore, the answer is the 1950s.",0
"In which sport or pastime can you see nose walking?
Therefore, the answer is","['surfboarder', 'surfers', 'surf wave', 'hawaiian surfing', 'surf camp', 'barreling waves', 'boardwear', 'surfboarding', 'surfer', 'physics of surfing', 'cutback surfing move', 'üèÑ', 'barreling wave', 'surfing']",surfing,1
"In years and days, how old was Luigina Giavotti when she won a silver medal in gymnastics in 1928, and is still the youngest medal winner today?
Therefore, the answer is",['11 years and 302 days'],"To determine Luigina Giavotti's exact age in years and days when she won the silver medal at the 1928 Summer Olympics, we need to calculate the time between her birth date and the date of the gymnastics event where she earned the medal.

**1. Luigina Giavotti's Birth Date:**
- **Born on:** October 12, 1916

**2. Date of the Gymnastics Event:**
- The women's team gymnastics event at the 1928 Summer Olympics took place on **August 8, 1928**.

**3. Calculating the Age:**
- **From October 12, 1916, to October 12, 1927:** 11 full years.
- **From October 12, 1927, to August 8, 1928:**

  Let's calculate the number of days between these two dates.

- **Days in Each Month from October 1927 to August 1928:**
  - **October 12-31, 1927:** 19 days
  - **November 1927:** 30 days
  - **December 1927:** 31 days
  - **January 1928:** 31 days
  - **February 1928 (leap year):** 29 days
  - **March 1928:** 31 days
  - **April 1928:** 30 days
  - **May 1928:** 31 days
  - **June 1928:** 30 days
  - **July 1928:** 31 days
  - **August 1-8, 1928:** 8 days

- **Total Days from October 12, 1927, to August 8, 1928:**
  - **Total Days =** 19 (Oct) + 30 (Nov) + 31 (Dec) + 31 (Jan) + 29 (Feb) + 31 (Mar) + 30 (Apr) + 31 (May) + 30 (Jun) + 31 (Jul) + 8 (Aug) = **301 days**

**4. Total Age:**
- **Age =** 11 years + 301 days

Therefore, Luigina Giavotti was **11 years and 301 days old** when she won the silver medal at the 1928 Olympics, making her the youngest Olympic medalist in gymnastics (and still the youngest medal winner as of 2023).

**Answer:** 11 years and 301 days old",0
"Kim Carnes' nine weeks at No 1 with Bette Davis Eyes was interrupted for one week by which song?
Therefore, the answer is","['stars on 45 song', 'stars on 45 single', 'stars on 45 medley', 'medley intro venus sugar sugar no reply i ll be back drive my car do you want to know secret we can work it out i should have known better nowhere man you re going to lose that girl stars on 45']","""Stars on 45 Medley"" by Stars on 45.",1
"Last month, what word was named by Oxford Dictionaries as the word of the year?
Therefore, the answer is","['—Å–µ–ª—Ñ–∏', 'no makeup selfie', 'selfy', 'falfie', 'christ redeemer selfie', 'selfie olympics', 'selfies', 'selfie']","As of my knowledge cutoff in October 2023, the most recent ""Word of the Year"" announced by Oxford Dictionaries is **""goblin mode.""** This term was selected as the Oxford Word of the Year for 2022. Since the Word of the Year for 2023 would typically be announced later in the year, I don't have that information. 

Therefore, the answer is **""goblin mode.""**",0
"Macbeth belonged to which royal house or dynasty?
Therefore, the answer is","['macmalcolm', 'canmore dynasty', 'canmores', 'dunkeld dynasty', 'house of canmore', 'house of dunkeld']","Therefore, the answer is that Macbeth belonged to the **House of Moray**. Macbeth was the Mormaer (an equivalent of Earl) of Moray before he became the King of Scotland from 1040 to 1057. The House of Moray was a powerful dynastic family in medieval Scotland, and Macbeth's lineage and claim to the throne were tied to this house through both his father, Findl√°ech mac Ruaidr√≠, and his wife, Gruoch, who was a granddaughter of a previous king, Kenneth III. This connection strengthened his position and legitimacy in ascending to the Scottish throne.",0
"Mickey Braddock in the 50s series Circus Boy found fame with which surname in which pop band?
Therefore, the answer is",['mickey dolenz monkees'],"Mickey Braddock was the stage name used by Micky Dolenz when he starred in the 1950s television series **""Circus Boy.""** Later in his career, he found fame under his real surname **Dolenz** as a member of the pop band **The Monkees**.

**Therefore, the answer is: Dolenz, The Monkees.**",1
"On a standard dartboard, what number lies opposite 18?
Therefore, the answer is","['seven', '7']","On a standard dartboard, the numbers are arranged in a specific sequence designed to penalize inaccurate throws. The sequence starting from the top (12 o'clock position) and moving clockwise is as follows:

1. **20**
2. **1**
3. **18**
4. **4**
5. **13**
6. **6**
7. **10**
8. **15**
9. **2**
10. **17**
11. **3**
12. **19**
13. **7**
14. **16**
15. **8**
16. **11**
17. **14**
18. **9**
19. **12**
20. **5**

To find the number directly opposite **18**, we need to locate the number that is exactly halfway around the dartboard. Since there are 20 numbers, we can calculate the opposite position by adding 10 positions (half of 20) to the position of **18**.

- **Position of 18**: It is the 3rd number in the sequence.
- **Opposite position**: 3 (position of 18) + 10 = **13**

Looking at the 13th position in the sequence:

- **Position 13**: **7**

**Therefore, the number directly opposite 18 on a standard dartboard is 7.**",1
"On a standard dartboard, which number lies opposite number 4?
Therefore, the answer is","['sixteen', '16']",16,1
"On the Internet what is Spam?
Therefore, the answer is","['junkmail', 'junkmailing', 'junk mail', 'junk mail disambiguation']","On the Internet, **spam** refers to unsolicited and often unwanted messages sent in bulk to a large number of recipients without their consent. These messages are typically used for advertising purposes, phishing attempts, spreading malware, or other malicious activities. Spam commonly appears in email inboxes but can also occur through instant messaging, social media posts, comments on blogs, and text messages. The primary characteristics of spam are its mass distribution and the lack of relevance or appropriateness to the recipients, making it a significant nuisance and potential security risk online.",1
"Otis Barton was a pioneer in exploring where?
Therefore, the answer is","['under water', 'undersea', 'underwater life', 'underwater']","Otis Barton was a pioneer in exploring the deep sea using the **bathysphere**, a spherical deep-sea submersible that he co-invented with William Beebe. Together, they made historic dives in the 1930s, reaching depths that had never been explored before by humans.

Therefore, the answer is **the deep sea**.",1
"Scarlett O'Hara was not beautiful, but men seldom realised it when caught by her charm as the Tarleton twins were
Therefore, the answer is","['winds of tara', 'gone with wind novel', 'gone with teh wind', 'characters in gone with wind', 'charles hamilton gone with wind', 'gone with win', 'gone w wind', 'gwtw', 'gone with wind', 'mammy gone with wind']","The line you've provided is the opening sentence of the novel **""Gone with the Wind""** by **Margaret Mitchell**. Therefore, the answer is that this quote is from *""Gone with the Wind""*.",1
"Shashlik is what type of food dish?
Therefore, the answer is","['shish kebob', 'kebab kenjeh ⁄©ÿ®ÿßÿ® ⁄©ŸÜÿ¨Ÿá', 'kebob', 'chapli kabab', 'shish kabob', 'kakori kebab', 'kebab', 'burrah', 'steam kebab', 'sultan s feast', 'bihari kebab', 'galouti kebab', 'kababs', 'kabab bakhtiari', 'iranian kabab', 'kabab', 'kebabs', 'sheesh kebab', 'chapli kebab', 'chenjeh kebab', 'testi kebab', 'kebap', 'shish kebab', 'kabob', 'kalmi kebab', 'kalmi', 'testi', 'shishkebab', 'kebab restaurant', 'burrah kebab', 'galouti', 'qabab', 'chelow kebab', 'shishkabob', 'kabaab']","Shashlik is a traditional dish consisting of marinated meat cubes skewered and grilled over an open fire or charcoal. Originating from the Caucasus region and popular in countries like Russia, Central Asia, and Eastern Europe, it's similar to what is known as shish kebab in other cuisines. The meat used can vary and often includes lamb, pork, beef, or chicken. The marinade typically features herbs, spices, onions, and sometimes vinegar or wine, which helps tenderize the meat and add flavor. Shashlik is usually served hot, often accompanied by vegetables, bread, and sauces, making it a beloved staple at gatherings and outdoor cookouts.

**Therefore, the answer is:** Shashlik is a dish of skewered and grilled marinated meat, similar to kebabs, popular in Russian, Central Asian, and Eastern European cuisines.",1
"Spud, Shot and Hand are all types of what?
Therefore, the answer is","['guns', 'gun']","Therefore, the answer is **guns**.",1
"Taphephobia is the fear of losing your teeth?
Therefore, the answer is","['falsehood', 'false disambiguation', 'false']","Actually, *taphephobia* is the fear of being buried alive. The term comes from the Greek words ""taphos"" meaning grave, and ""phobia"" meaning fear. The fear of losing your teeth doesn't have a specific phobia name, but anxiety about dental health can be associated with **odontophobia**, which is the fear of dentists or dental procedures.

If you're experiencing concerns about dental health or related anxieties, it might be helpful to consult a dental professional or a mental health practitioner for guidance.",1
"The Black Hills lie between which two rivers?
Therefore, the answer is",['belle fourche and cheyenne'],The Cheyenne River and the Belle Fourche River.,1
"The ‚ÄòMahlabatari Declaration of Faith‚Äô was a statement of core principles laid down by the political leaders of which country in 1974?
Therefore, the answer is","['zuidafrika', 'azania south africa', 'south africans', 'zuid africa', 'suid africa', 'afrique du sud', 'saffa', 'south africa s', 'third republic south africa', 'ningizimu afrika', 'sou frica', 'iso 3166 1 za', 'soufrica', 'capital of south africa', 's afr', 'seth efrika', 'zuid afrika', 'suid afrika', 'south africa√†', 's africa', 'republic of south africa', 'rep of south africa', 'south african', 'beloved country', 'south africa', 'southafrica', 'mzansi', 'republiek van suid afrika']","Therefore, the answer is **South Africa**.",1
"Thomas Edison, who invented the lightbulb, was afraid of the dark?
Therefore, the answer is","['true song', 'true disambiguation', 'truer', 'true', 'true album']","There is no credible evidence to suggest that Thomas Edison was afraid of the dark. Therefore, the answer is that this is a myth or misconception. Edison was a prolific inventor whose motivation to improve the incandescent light bulb stemmed from a desire to create a practical and affordable source of electric light for widespread use. His work revolutionized lighting and had a profound impact on society, but it was not driven by a personal fear of darkness.",0
"To whom is Gwyneth Paltrow married?
Therefore, the answer is","['moses bruce martin', 'christopher anthony john 22chris 22 martin', 'chris martin', 'moses bruce anthony martin', 'moses martin', 'chris martin musician', 'christopher anthony john martin']","As of my knowledge cutoff in October 2023, Gwyneth Paltrow is married to Brad Falchuk. Therefore, the answer is **Brad Falchuk**.",1
"True or False: Sharks do not blink?
Therefore, the answer is","['true song', 'true disambiguation', 'truer', 'true', 'true album']","**False:** Some sharks can blink using a nictitating membrane‚Äîa protective, translucent eyelid‚Äîthat covers their eyes when they feed or need protection. This membrane acts similarly to blinking in other animals by shielding the eyes from damage. However, not all shark species have this feature; those without it may roll their eyes backward for protection instead.",0
"Tsar Nicholas I abidacated in 1917, who was the other monarch to abdicate during this period?
Therefore, the answer is","['konstantinos i of greece', 'konstantinos i', 'constantine i of hellenes', 'constantine oldenburg', 'constantine i of greece', 'constantine i king of hellenes', 'constantine xii']","I believe you're referring to Tsar Nicholas **II**, who abdicated in 1917 during the Russian Revolution. The other monarch who abdicated during this period was **King Constantine I of Greece**. 

King Constantine I abdicated on June 11, 1917, under pressure from the Allied Powers during World War I. His perceived pro-German sympathies and refusal to support the Allies led to political turmoil in Greece. To avoid further conflict and possible invasion, he relinquished the throne in favor of his second son, Alexander, as his eldest son, Crown Prince George, was also thought to share his father's political views.",1
"What US sitcom was the first exported to Britain?
Therefore, the answer is","['amos andy', 'brazilian brass mines', 'george 22kingfish 22 stevens', 'amos and andy', 'amos n andy show', 'amos n andy']","""I Love Lucy""",0
"What are the only two musical notes which have no flats?
Therefore, the answer is",['c and f'],"The only two musical notes that have no flats are **C** and **F**.

Therefore, the answer is **C and F**.",1
"What are the three primary colours of light?
Therefore, the answer is",['red blue and green'],"The three primary colours of light are red, green, and blue. Therefore, the answer is **red, green, and blue**.",1
"What colour hair did Charles Dickens' character David Copperfield have?
Therefore, the answer is","['red song', 'red album', 'red comics', 'red disambiguation', 'r e d', 'red', 'red film', 'red comic']","Therefore, the answer is that Charles Dickens did not explicitly specify David Copperfield's hair color in the novel. The character's physical appearance is not described in detail regarding hair color, leaving it to the reader's imagination.",0
"What did the Lone Ranger's title Kemo Sabe mean in Apache?
Therefore, the answer is","['l√®ine bh√†n', 'white shirt', 'leine bhan']","""Kemo Sabe"" is understood to mean ""trusted friend"" or ""faithful friend.""",0
"What had Edmond Hillary worked at before taking up mountain climbing?
Therefore, the answer is","['bee keepers', 'bee keeping', 'beekeeping', 'beekeeping helmet', 'bee farming', 'beekeeping suit', 'apairist', 'apiculture', 'history of beekeeping', 'beekiping', 'bee keeper', 'bee culture', 'beekeeping leading practices', 'apiarian']","Before taking up mountain climbing, Sir Edmund Hillary worked as a **beekeeper** in New Zealand. Beekeeping was a seasonal occupation, which allowed him the flexibility to pursue his passion for climbing during the off-season. This profession not only provided him with a source of income but also helped him develop the physical stamina and resilience that would later contribute to his mountaineering success.",1
"What is a female gerbil called?
Therefore, the answer is","['doe disambiguation', 'doe']",A female gerbil is called a **doe**.,1
"What is a female skunk called?
Therefore, the answer is","['sows', 'sow disambiguation', 'sow']",A female skunk is called a **doe**.,0
"What is the approximate circumference of the earth?
Therefore, the answer is",['24 900 miles'],"The approximate circumference of the Earth is **about 40,075 kilometers (24,901 miles)** at the equator. Therefore, the answer is approximately **40,075 kilometers**.",1
"What is the final event in a decathlon?
Therefore, the answer is","['1500 metres', 'one thousand five hundred distance', '1500 distance']","Therefore, the answer is the 1500 metres race.",1
"What is the largest city in Ohio?
Therefore, the answer is","['rock and roll capital of world', 'cleveland ohio us', 'cleaveland', 'sister cities of cleveland ohio', 'cleve', 'cleveland', 'cleveland cuyahoga ohio', 'cleveland ohio', 'government of cleveland ohio', 'cleveland ohio u s', 'un locode uscle', 'rock n roll capital of world', 'cleveland oh', 'cleveland usa', 'poznan ohio', 'government of cleveland', 'cleveland ohio usa', 'urban community school', 'ohio cleveland', 'sixth city', 'clevelnad']","Therefore, the answer is Columbus.",0
"What is the name of the laboratory in New Jersey which is associated with Thomas Edison?
Therefore, the answer is","['menlo park disambiguation', 'menlo park']","Therefore, the answer is the **Menlo Park Laboratory**.",1
"What is the name of the perfume launched by British boyband JLS in January 2013?
Therefore, the answer is","['loveworthy', 'latin words for love', 'sacrificial love', 'love', 'loveliest', 'true love feeling', 'idealized love', 'chemistry of love', 'üíë', 'idealised love', 'lovable', 'ÊÑõ', 'lovelier', 'lovingly', 'loving relationship', 'loves', 'prem hinduism', 'love interest']","The perfume launched by the British boyband JLS in January 2013 is called **""Forever""**.",0
"What is the second most common word in written English?
Therefore, the answer is","['o f', 'of disambiguation', 'of']","Therefore, the answer is **""be""**.",0
"What is the southernmost city in USA
Therefore, the answer is","['honululu', 'honululu hawaii', 'honolulu ccd', 'honolulu hawai i', 'pacific honolulu', 'honolulu hawaii united states', 'city of honolulu', 'history of honolulu', 'honolulu usa', 'honolulu hawaii', 'honolulu district', 'honolulu urbanized area', 'honolulu area rail rapid transit', 'honolulu cdp', 'capital of hawaii', 'un locode ushnl', 'honolulu united states', 'honolulu hi msa', 'honolulu hawaii usa', 'honolulu', 'city of honolulu hawaii', 'honolulu hawa ii', 'honolulu oahu', 'honolulu hi']","The southernmost city in the United States is **Pago Pago**, located in American Samoa, a U.S. territory in the South Pacific Ocean. American Samoa lies entirely south of the Equator, making it the only U.S. territory in the Southern Hemisphere. Pago Pago serves as the capital of American Samoa and is situated at approximately 14.27 degrees south latitude.

If we consider only the 50 U.S. states, the southernmost city is **Naalehu** in Hawaii. Naalehu is located on the Big Island of Hawaii at about 19.06 degrees north latitude. It is recognized as the southernmost community with a significant population within the U.S. states.

Many people mistakenly believe that **Key West, Florida**, is the southernmost city in the United States. While Key West is the southernmost city in the contiguous United States, it is located at approximately 24.56 degrees north latitude, which is farther north than Naalehu, Hawaii.

**Therefore, the answer is:** The southernmost city in the United States is Pago Pago in American Samoa. Within the 50 U.S. states, the southernmost city is Naalehu, Hawaii.",0
"What percentage of the earth's surface is covered by Europe?
Therefore, the answer is","['8', 'eight']","To determine what percentage of the Earth's surface is covered by Europe, we'll need to compare the area of Europe to the total surface area of the Earth.

**1. Total Surface Area of the Earth:**

The Earth has a total surface area of approximately **510,072,000 square kilometers** (km¬≤).

**2. Surface Area of Europe:**

Europe covers an area of about **10,180,000 square kilometers** (km¬≤).

**3. Calculating the Percentage:**

To find the percentage of the Earth's surface covered by Europe, we use the formula:

\[
\text{Percentage} = \left( \frac{\text{Area of Europe}}{\text{Total Surface Area of Earth}} \right) \times 100\%
\]

Plugging in the values:

\[
\text{Percentage} = \left( \frac{10,180,000 \text{ km¬≤}}{510,072,000 \text{ km¬≤}} \right) \times 100\%
\]

\[
\text{Percentage} \approx \left( 0.01996 \right) \times 100\% \approx 1.996\%
\]

**Therefore, Europe covers approximately 2% of the Earth's total surface area.**

**Answer:** Approximately **2%** of the Earth's surface is covered by Europe.",0
"What sport or pastime would you be playing if your balls were black and blue and your opponent's were red and yellow?
Therefore, the answer is","['lead off striker', 'association croquet', 'croquet', 'croquet ball', 'croquet mallet']",croquet.,1
"What was Blondie's last UK No 1 of the 80s?
Therefore, the answer is","['teaching of rapture', 'pre tribulation rapture', 'rapture protestant belief', 'midtribulation rapture', 'rapture', 'pretribulation rapture', 'pre tribulational', 'mid tribulation rapture', 'midtribulationism', 'pretribulationistism', 'pre trib', 'pre tribulation']","Blondie's last UK No. 1 hit of the 1980s was ""**The Tide Is High**,"" which topped the charts in October 1980. This song was a reggae-influenced cover of the original by The Paragons and became one of Blondie's most successful singles in the UK during that decade.",0
"What was Eddie Murphy's first movie?
Therefore, the answer is","['48 hours', '48 time', 'forty eight time']","Therefore, the answer is: Eddie Murphy's first movie was **""48 Hrs.""**, released in 1982.",1
"What was journalist Richard Littlejohn‚Äôs nickname for Cherie Blair?
Therefore, the answer is","['wicked witch of west', 'witch of west', 'wicked witch', 'wizard of oz wicked witch of west']","Journalist Richard Littlejohn often referred to Cherie Blair as ""The Wicked Witch"" in his columns.",1
"What was the last US state to reintroduce alcohol after prohibition?
Therefore, the answer is","['history of mining in utah', 'geography of utah', '45th state', 'utah united states', 'youtah', 'us ut', 'transportation in utah', 'utahn', 'state of utah', 'beehive state', 'salt lake seagulls', 'transport in utah', 'utah state', 'politics of utah', 'utah state nickname', 'forty fifth state', 'religion in utah', 'ut state', 'sports in utah', 'climate of utah', 'education in utah', 'utah', 'utahan', 'yutas', 'history of utah to 1847', 'utah u s state']","Therefore, the last U.S. state to reintroduce alcohol after Prohibition was **Mississippi**, which remained a dry state until 1966.",0
"What was the name of the comedy written by Ray Galton, Alan Simpson which aired 57 episodes?
Therefore, the answer is","['harold steptoe', 'steptoe and son', 'steptoe son', 'albert steptoe']","Therefore, the answer is **""Steptoe and Son""**.",1
"What was the name of the old Waddington‚Äôs game based on newspapers?
Therefore, the answer is","['scoop', 'scoop disambiguation', 'scooping', 'scoops', 'scoop film']","The name of the old Waddington's game based on newspapers is **""Scoop!""** Therefore, the answer is **Scoop!**",1
"What was the only film directed by Cecil B DeMille in which actor John Wayne appeared?
Therefore, the answer is",['reap wild wind'],Reap the Wild Wind,1
"What were Benjy and Laska, which were sent into space in 1958?
Therefore, the answer is","['mouse', 'reproductive behavior of mice', 'üê≠', 'mouse rodent', 'mouse animal', 'mice', 'mouse subgenus', 'mus genus', 'üêÅ']","Benjy and Laska were two mice that were sent into space in 1958 by the United States as part of early space exploration experiments. These missions aimed to study the effects of space travel on living organisms to prepare for future human spaceflight. By observing how these mice responded to the conditions of space, scientists gathered valuable data on the physiological impacts of microgravity and cosmic radiation. This research contributed to the foundational knowledge necessary for safely sending humans into space.",1
"Which American called the Daily Mail ‚Äòthe worst kind of tabloid‚Äô?
Therefore, the answer is","['george cloony', 'clooney george', 'george t clooney', 'goerge clooney', 'challenge 2011 film', 'max pig', 'george klooney', 'george timothy clooney', 'george clooney', 'list of george clooney awards and nominations']",George Clooney.,1
"Which Muppet from the television series shares a name with a former US President?
Therefore, the answer is","['grover s mommy', 'baby grover', 'grover', 'grover monster', 'super grover', 'grover sesame street', 'global grover', 'grover s mom']","Therefore, the answer is **Grover**.

Grover is a beloved Muppet character from the television series ""Sesame Street."" He shares his name with Grover Cleveland, who served as the 22nd and 24th President of the United States.",1
"Which UK band had 2 top ten singles in the same week in 2001?
Therefore, the answer is","['flicker musician', 'jenny watkins isnardi', 'i know i believe in nothing but it is my nothing', '70 songs of hatred and failure', 'manics', 'manic street preachers']","The UK band that had two top ten singles in the same week in 2001 is **So Solid Crew**. They achieved this feat with their singles ""21 Seconds"" and ""They Don't Know,"" both of which charted in the UK Top 10 simultaneously. So Solid Crew was a prominent garage and hip-hop group during the early 2000s, known for pioneering the UK garage scene and bringing it into the mainstream.",0
"Which actress was voted Miss Greenwich Village in 1942?
Therefore, the answer is","['lauren becall', 'loren bacall', 'lauren becal', 'lauren bacall', 'betty j perske', 'betty perske', 'betty joan perske', 'bacall', 'betty joan perski']","As of my knowledge cutoff in October 2023, I am not aware of any specific actress who was voted Miss Greenwich Village in 1942. It's possible that this information is not widely documented or has emerged after my last update. I recommend checking historical archives, reputable biographies, or local New York City historical resources for more detailed information on this topic.",0
"Which boxer famously said,'' If I can't beat this bum take my name off the record books?'
Therefore, the answer is","['rocco francis marchegiano', 'rocky marciano', 'brockton bomber', 'marciano rocky', 'brockton blockbuster', 'rocco marchegiano']","The boxer who famously said, ""If I can't beat this bum, take my name off the record books,"" is **Mike Tyson**.",0
"Which branch of science has four fundamental principles: addition, subtraction, multiplication, and division.
Therefore, the answer is","['arithmetic operations', 'arithmetics', 'arithmetic operators', 'history of arithmetic', 'arithmetic', 'additive operator', 'arithmatic', '‚àí√ó√∑', 'x', 'arithmetic operation', 'multiplicative operator', 'rithmetic', 'arithmetician', 'arithmetic operator', 'arithmetik', 'aritmetika', 'arithmetical operations']","**Arithmetic**.

Arithmetic is the branch of mathematics that deals with the basic operations of addition, subtraction, multiplication, and division. These four fundamental principles form the foundation for more advanced mathematical concepts and are essential tools in everyday calculations and problem-solving.",1
"Which cartoon and film character is the nickname of super athlete Michael Johnson?
Therefore, the answer is","['supes', 'superman clark kent', 'kal el', 'supertman', '√ºbermensch', 'man of tomorrow', 'more powerful than locomotive', 'kirk brent', 'codename patriot', 'stalmannen', 'superman comics', 'faster than speeding bullet', 'superman costume', 'superman secret files', 'superman fictional character', 'superman dc comics', 'jordan elliot', 'super man', 'action ace', 'big blue cheese', 'supaaman', 'big blue boy scout', 'ubermensch', 'superman character', 'gojjum', 'superman', 'metropolis marvel', 'st√•lmannen', 'superman kal el', 'supraman', 'able to leap tall buildings in single bound']","Michael Johnson is a former American sprinter who dominated the 200 and 400 meters events in the 1990s. Known for his speed and unique upright running style, he earned several nicknames that reflected his athletic prowess. One of the most fitting nicknames, given his incredible speed on the track, is ""The Flash."" 

""The Flash"" is a popular DC Comics superhero characterized by his superhuman speed, capable of moving and thinking at velocities faster than the speed of light. This character has been featured in numerous cartoons and films. By likening Michael Johnson to ""The Flash,"" fans and commentators highlighted his extraordinary speed and agility, drawing a parallel between the athlete and the fictional superhero known for similar attributes.

Therefore, the answer is **The Flash**.",0
"Which dancer has only one notable film cameo, appearing with Sean Connery in the 1979 movie The First Great Train Robbery, breaking into a guarded station office.
Therefore, the answer is",['wayne sleep'],"**Wayne Sleep** is the dancer who made his only notable film cameo in the 1979 movie *The First Great Train Robbery* (also known as *The Great Train Robbery*). In the film, he appears alongside Sean Connery in a scene where they break into a guarded station office. Wayne Sleep is a renowned British ballet dancer known for his work with The Royal Ballet and for his extraordinary agility and charisma on stage. His appearance in the film is a rare example of his work in cinema.",1
"Which drink is known as ‚ÄòThe Wine of Islam‚Äô?
Therefore, the answer is","['joe coffee', 'health effects of coffee', 'specialty coffees', 'brazilian coffee', 'kaffee', 'roasted coffee', 'kawha', 'coffe', 'caff√©', 'ginseng coffee', 'cup of joe', 'health and pharmacology of coffee', 'coffee bags', 'coffee and health', 'cafe de columbia', 'gavaccino', 'coffee brewing method', 'health effect of coffee', 'regular coffee', 'coffee brews', 'coffee', 'coffee drink', 'medical effects of coffee', 'effects of coffee', 'gourmet coffee']","Therefore, the answer is coffee.",1
"Which entertainer had a gospel minister character called Brother Lee Love?
Therefore, the answer is","['kenny everett', 'maurice cole', 'kenny everet']",The entertainer who portrayed the gospel minister character Brother Lee Love is Steve Coogan.,0
"Which female singer was born on exactly the same day as impressionist Rich Little?
Therefore, the answer is","['tinna turner', 'tina turner s', 'tina turner', 'tina tuner', 'anna bullock', 'annie mae bullock', 'anna mae bullock']",Tina Turner.,1
"Which former US boxer is referred to as the ‚ÄòPoet laureate of boxing‚Äô?
Therefore, the answer is",['floyd mayweather sr'],"The former U.S. boxer referred to as the **""Poet Laureate of Boxing""** is **Muhammad Ali**. Renowned not only for his exceptional skill in the ring but also for his charismatic personality, Ali was famous for crafting witty poems and sayings to promote his fights and taunt his opponents. His ability to turn phrases like ""Float like a butterfly, sting like a bee"" made him a cultural icon and added a poetic flair to the sport of boxing.",0
"Which is the only team to have won football‚Äôs Premier League once and once only?
Therefore, the answer is","['blackburn fc', 'blackburn roavers f c', 'blackburn rovers fc', 'blackburn f c', 'blackburn rovers football club', 'blackburn rovers f c', 'blackburn rovers']",Leicester City.,0
"Which serialised TV drama had a title that is a Lesbian slang term for oral sex?
Therefore, the answer is","['tipping velvet novel', 'tipping velvet']",Lip Service,0
"Which shipping forecast area is directly north of German Bight?
Therefore, the answer is","['fishers', 'fisher disambiguation', 'fisher']","Therefore, the answer is **Fisher**.",1
"Which war veteran was Director of News & Special Events for ABC before find fame as a TV cop?
Therefore, the answer is","['thomas william 22tom 22 selleck', 'thomas selleck', 'tom selleck', 'thomas william selleck']",Telly Savalas.,0
"Which was the first European city this century to open an underground railway system?
Therefore, the answer is","['par√≠s', 'paris europe', 'paris etymology', 'paname', 'cuisine of paris', 'paris', 'departement de paris', 'pa≈ô√≠≈æi', 'ville lumi√®re', 'city of love city', 'paris √Æle de france', 'paris ile de france', 'pa≈ô√≠≈æ', 'name of paris and its inhabitants', 'parisian person', 'sports in paris', 'paris agglomeration', 'd√©partement de paris', 'sport in paris', 'ville lumiere', 'paris banks of seine', 'suburbs of paris', 'france paris', 'rue de menilmontant', 'rue de m√©nilmontant', 'weather in paris', 'paris france', 'parizi', 'leucetia', 'paree', 'paris √Æle de france france', 'frpar', 'un locode frpar', 'parisien', 'parijs']","The first European city this century to open an underground railway system is Rennes, France. The Rennes Metro began operation in March 2002 with its Line A, making it the first new underground metro system in Europe of the 21st century.",0
"Which was the first country outside the UK to screen the television series ‚ÄòDoctor Who‚Äô?
Therefore, the answer is","['newzealand', 'new zealand', 'aotearoa', 'kiwistan', 'new zeland', 'staten land', 'staten landt', 'neo zealand', 'new zeeland', 'mew zealand', 'new zealand s', 'new zealend', 'iso 3166 1 nz', 'nova zeelandia', 'aotearoa new zealand', 'nu tirani', 'subdivisions of new zealand', 'n zealand', 'new zealnd', 'new zealnad', 'new xealand', 'administrative divisions of new zealand', 'maoriland', 'nzl', 'niu tireni', 'new z', 'its got that new zeal', 'n z', 'name of new zealand', 'enzed', 'nz', 'new zaeland', 'new zelanad', 'sheepland', 'etymology of new zealand', 'kiwiland', 'mƒÅoria', 'staaten land', 'nouvelle zelande']","Therefore, the answer is Canada.",0
"Which word can go before Side, End and Ability to make three other words?
Therefore, the answer is","['port of discharge', 'shipping port', 'ice free harbor', 'fluvial port', 'port', 'ice free port', 'ferry port', 'fishing port', 'deep water port', 'warm water port', 'seaport', 'seaports', 'deepwater port', 'port town', 'sea port', 'commercial port', 'ports disambiguation', 'ice free harbour', 'seaports of japan', 'sea ports', 'ports', 'deepwater pier', 'port city']","To solve this puzzle, we need to find a word that can be placed before ""Side,"" ""End,"" and ""Ability"" to form new meaningful words. 

Let's consider the word **""Leg""**:

1. **Leg + Side = Leg Side** (a term used in cricket to refer to one side of the field)
2. **Leg + End = Legend** (a traditional story or an extremely famous person)
3. **Leg + Ability = Legibility** (the quality of being clear enough to read)

Therefore, the word that fits before ""Side,"" ""End,"" and ""Ability"" to form new words is:

**Leg**",0
"Which word can go before Work, Guard and Dog to make three other words?
Therefore, the answer is","['üî•', 'fire damage', 'open flame', 'fire', 'alight', 'fires', 'firetending', 'causes of fire']","The word that can go before ""Work,"" ""Guard,"" and ""Dog"" to form new words is **""Fire.""**

- **Firework**: Objects that produce dazzling displays when ignited, commonly used in celebrations.
- **Fireguard**: A protective screen in front of a fireplace to prevent sparks from escaping or a person who watches for and suppresses fires.
- **Firedog**: An andiron, which is a metal support used in a fireplace to hold up logs. (Note: In some contexts, ""firedog"" refers to a decorative item in a fireplace.)

Therefore, the answer is **Fire**.",1
"Which year saw the only hijacking of a British commercial flight?
Therefore, the answer is","['1970', 'one thousand nine hundred and seventy']",The only hijacking of a British commercial flight occurred in **2000**.,0
"Who beat Tim Henman in his first Wimbledon singles semifinal?
Therefore, the answer is","['sampras', 'sampras pete', 'peter sampras', 'pete sampras', 'petros 22pete 22 sampras']","Therefore, the answer is **Pete Sampras**.",1
"Who bought Donington Park‚Äôs Dunlop Bridge at a memorabilia auction?
Therefore, the answer is","['chris evans', 'chris evans politician', 'chris evans disambiguation', 'christopher evans', 'evans christopher', 'christopher evans disambiguation', 'evans chris']","As of October 2023, the identity of the buyer who purchased Donington Park's Dunlop Bridge at the memorabilia auction has not been publicly disclosed. Therefore, I do not have information on who bought it.",0
"Who created the ‚ÄòA‚Äô Line in 1955?
Therefore, the answer is","['jacques benita', 'dior monsieur', 'christian dior']","Christian Dior, the renowned French fashion designer, created the ""A-Line"" silhouette in 1955.",1
"Who did Top of the Pops mistakenly portray in a Dexys Midnight Runners song?
Therefore, the answer is","['jockie wilson', 'jocky wilson', 'jockey wilson']","Top of the Pops mistakenly portrayed the Scottish darts player **Jocky Wilson** during Dexys Midnight Runners' performance of ""Jackie Wilson Said (I'm in Heaven When You Smile)."" Instead of displaying an image of the American soul singer **Jackie Wilson**, the show featured a picture of Jocky Wilson on the backdrop, leading to a famous mix-up.",1
"Who dubbed Miss Piggy's singing voice in The Muppet Movie?
Therefore, the answer is","['clem mathis', 'christmas eve with johnny mathis', 'jonny mathis', 'johnny matthis', 'john royce mathis', 'johnny mathis', 'johnnie mathis']","Marilyn Sokol is the artist who dubbed Miss Piggy's singing voice in **The Muppet Movie** (1979). While Frank Oz provided the regular voice and puppeteering for Miss Piggy, the song ""Never Before, Never Again"" showcased Miss Piggy's singing talents, which were performed by Marilyn Sokol. Sokol, an accomplished actress and singer, was uncredited for this role in the film.

Therefore, the answer is **Marilyn Sokol**.",0
"Who had the most expensive presidential inauguration ceremony of the 20th century?
Therefore, the answer is","['bush junior', 'bushian', 'george w budh', 'g dub', 'baby bush', 'bush ii', 'george w bush', 'gorge w bush', 'g walker bush', 'jorge w bush', 'george w bush jr', 'us president george w bush', 'george w bush street', 'goerge w bush', 'george bush junior', 'georgewbush', 'gw bush', 'george walker bush', '43rd pesident of united states', 'george w bush 43rd president of united states', 'george w buah', 'george bush 2000', 'international perception of george w bush', 'dubya bush', 'george bush jr', 'george w bush painter', 'george w', 'junior bush', 'bush george w', 'dubyuh', 'g w bush', 'w bush', 'george dubya bush', 'george bush ii', 'george bush 2', 'dubya', 'bushists', 'president bush 2000', '2004 republican presidential nominee', 'religious faith of george w bush', 'president bush 43', 'former president george w bush', 'bush 43', '43rd president of united states', 'g w b', 'george w bussh', 'bush jr', 'george w–∞lker bush', 'president george walker bush', 'bush younger', 'george bush 43rd u s president', 'george bush 43', 'george younger', '2000 republican presidential nominee', 'geroge w bush', 'president george w bush']","Therefore, the answer is **Bill Clinton**, whose second presidential inauguration in 1997 was the most expensive ceremony of the 20th century. The 1997 inauguration festivities were reported to have cost around $42 million, a record at the time for inaugural expenditures. The expenses covered a range of events including parades, balls, and security measures, and were funded through a combination of public funds and private donations. This set a new benchmark for inaugural costs until it was surpassed by subsequent inaugurations in the 21st century.",0
"Who played Frankenstein in the 1994 film of the same name?
Therefore, the answer is","['kenneth brannagh', 'kenneth charles branagh', 'branagh', 'branagh kenneth', 'kenneth branagh', 'sir kenneth branagh', 'ken branagh', 'kenneth brannaugh']","Therefore, the answer is Kenneth Branagh, who portrayed Dr. Victor Frankenstein in the 1994 film **""Mary Shelley's Frankenstein.""**",1
"Who was the cartoon adversary of Pixie and Dixie, who would often say I hate those meeces to pieces?
Therefore, the answer is","['mr jinx', 'jinxy']","Mr. Jinks is the cartoon cat who served as the adversary of Pixie and Dixie in the animated series ""Pixie and Dixie and Mr. Jinks."" He is famous for his catchphrase, ""I hate those meeces to pieces!""",1
"Who was the defending champion when Martina Navratilova first won Wimbledon singles?
Therefore, the answer is","['virginia wade', 'sarah virginia wade']","Virginia Wade was the defending champion when Martina Navratilova first won the Wimbledon singles title in 1978. Virginia Wade had won the Wimbledon women's singles championship in 1977, making her the reigning champion at the time Navratilova claimed her first Wimbledon singles victory.",1
"Who was the director of the CIA from 1976-81?
Therefore, the answer is","['georgebush', 'george bushe', 'goerge bush', 'bush george', 'geroge bush', 'george w bush disambiguation', 'g bush', 'george bush president', 'george bush', 'georg bush', 'george bush disambiguation']","The Directors of the Central Intelligence Agency (CIA) from 1976 to 1981 were **George H. W. Bush** and **Stansfield Turner**.

- **George H. W. Bush** served as the Director of Central Intelligence from **January 30, 1976, to January 20, 1977**.
- **Stansfield Turner** served from **March 9, 1977, to January 20, 1981**.

Therefore, the answer is **George H. W. Bush** and **Stansfield Turner**.",1
"Who was the first US-born winner of golf's British Open?
Therefore, the answer is","['hagen walter', 'walter hagen', 'walter charles hagen']","Therefore, the answer is Walter Hagen, who became the first US-born golfer to win the British Open in 1922.",1
"Who was the only female victim to be killed off in the opening credit sequence in Police Squad?
Therefore, the answer is","['florence hendersen', 'florence agnes henderson', 'florence henderson', 'flo henderson']","Therefore, the answer is **Florence Henderson**.",1
"Whose arch nemisis is the Red Skull?
Therefore, the answer is","['captain americas', 'runaways comics story arcs', 'captain america s', 'runaways comics', 'fantastic fourteen', 'runaways film', 'runaways comic']",Captain America.,1
"Yellow-pine, Uinta and Lodgepole are all types of which animal?
Therefore, the answer is","['chipmonk', 'tamias', 'chip munk', 'microbear', 'chip monk', 'üêø', 'chipmunks', 'chipmunk']",Chipmunk.,1
"Yuan Yuan was caught carrying drugs for which Chinese team?
Therefore, the answer is","['to suijutsu', 'swam', 'swimming disambiguation', 'swimming']","As of my knowledge cutoff in October 2023, there are no public records or reports indicating that an individual named Yuan Yuan was caught carrying drugs for any Chinese team. It's possible that this information emerged after my last update or may not be widely publicized.

For the most accurate and up-to-date information, I recommend checking recent news articles or official statements from reputable news outlets or authorities.",0
"‚ÄòA crutch and a duck‚Äô is the term for which bingo number?
Therefore, the answer is","['72', 'seventy two']","The phrase ""A crutch and a duck"" refers to the bingo call for the number **72**. In bingo, various numbers are associated with rhymes, phrases, or visual representations to make them more memorable. The ""crutch"" represents the number 7, resembling the shape of a crutch, and the ""duck"" represents the number 2, as the numeral 2 is often likened to the shape of a duck. Combining them gives you 72.

**Answer: 72**",1
"‚ÄòMucke‚Äô is the Serbo-Croatian name for which UK tv series?
Therefore, the answer is","['only fools and horses', 'paddy greek', 'of h', 'george trotter', 'peckham echo', 'sunglasses ron', 'yernly fyerls and nesbits', 'only fools horses', 'only fools', 'trotters international traders plc', 'lovely jubly', 'voted britain s best sitcom', 'once upon time in peckham', 'trotters independent traders', 'nelson mandella house']","""Muƒáke"" is the Serbo-Croatian title for the UK television series **""Only Fools and Horses""**. The word ""muƒáke"" can be translated roughly as ""shady deals"" or ""dodgy dealings,"" which reflects the show's focus on the comedic exploits of two streetwise brothers, Del Boy and Rodney Trotter, who are always trying to get rich through questionable schemes. The series is a beloved British sitcom that originally aired from 1981 to 2003 and has gained international popularity, including in Serbo-Croatian-speaking regions.

**Therefore, the answer is ""Only Fools and Horses.""**",1
"‚ÄúAnd in the end you wind up dying all alone on some dusty street. For what? For a tin
Therefore, the answer is","['high noon', 'high noon 1952 film', 'high noon movie', 'high noon film']","""For a tin star.""",0