prompt,ground_truth,tlm_best_o1_response,confidence_score,human_label
"""Which boxer famously said,"""" If I can't beat this bum take my name off the record books?""""""
Therefore, the answer is","['rocco francis marchegiano', 'rocky marciano', 'brockton bomber', 'marciano rocky', 'brockton blockbuster', 'rocco marchegiano']","As of my knowledge cutoff in September 2021, there is no widely documented record of a boxer famously saying, ""**If I can't beat this bum, take my name off the record books.**"" It's possible that this quote is either apocryphal or not attributed to any well-known boxer in major historical records.

However, if you're referring to a specific event or boxer, please provide more details or context, and I'll do my best to assist you further.",0.5913963635,0
"A group of which fish is called a Lap?
Therefore, the answer is","['cod cheeks', 'cods', 'gadus genus', 'cod', 'skrei', 'codfish', 'cod fish', 'cod trade']","As of my knowledge cutoff in October 2023, there is no record of a group of any fish species being termed a **""Lap""**. Common collective nouns for fish include ""school"" and ""shoal."" For specific types of fish, there are unique terms such as a **""shiver""** of sharks, a **""fever""** of stingrays, or a **""pod""** of dolphins.

If ""Lap"" is being used as a collective noun for a group of fish, it might be a regional term or a recent addition to the English language that emerged after my last update. I recommend checking the most recent linguistic resources or regional guides on marine terminology for the most up-to-date information.

**Therefore, the answer is:** As of my knowledge cutoff in October 2023, there is no fish species for which a group is called a ""Lap.""",0.5804763926,0
"Andrew Lloyd Webber and Tim Rice first worked together on which musical?
Therefore, the answer is",['likes of us'],"Andrew Lloyd Webber and Tim Rice first collaborated on the musical **""The Likes of Us""** in 1965. Therefore, the answer is **""The Likes of Us""**.",0.7679613224,1
"Are you going to come quietly, or do I have to use earplugs?
Therefore, the answer is","['terence alan patrick se√°n milligan', 'terence alan patrick se√°n milligan kbe', 'spike milligan']","The statement is a humorous play on words. When someone says, ""Are you going to come quietly, or do I have to use earplugs?"" they're making a pun on the phrase ""come quietly."" Traditionally, ""come quietly"" means to cooperate without causing a disturbance or making noise. The twist in this joke is that if the person doesn't come quietly, instead of forcing them to be silent, the speaker will use earplugs to block out the noise.

**Therefore, the answer is:** it's a pun highlighting the double meaning of ""come quietly"" and the humorous alternative of using earplugs.",0.5150147472,0
"Art Garfunkel trained for which profession although he didn't qualify?
Therefore, the answer is","['master builder occupation', 'graziani corazza', 'architecht', 'clifford lawrie', 'architechts', 'architects', 'registered architect', 'hok canada inc', 'architect', 'stanford downey architects inc']","Art Garfunkel trained to become a **mathematics professor**. After earning his bachelor's degree in art history, he pursued a master's degree in mathematics at Columbia University, which he completed in 1967. He then began working toward a doctorate in mathematics education but did not finish the program. Therefore, the answer is that he trained to be a **mathematics professor** but didn't qualify.",0.8172232661,0
"As at March 2001, who holds the record for scoring the most league goals for the soccer team Arsenal?
Therefore, the answer is","['ian wright', 'mr wright']","As of March 2001, the player who held the record for scoring the most league goals for Arsenal was **Cliff Bastin**.",0.8140339151,0
"Betty, Earl and Joyce are the puppet pensioners in ads for which company?
Therefore, the answer is","['wonga', 'wonga disambiguation']","Therefore, the answer is **SunLife**.",0.4151157341,0
"Bosworth cheese comes from which English county?
Therefore, the answer is","['county of stafford', 'staffs', 'staffordshire england', 'staffordshire']","Therefore, the answer is Leicestershire.",0.928990427,0
"During which year was Washington DC declared the capital of the USA?
Therefore, the answer is","['one thousand seven hundred and ninety', '1790']","Therefore, the answer is **1800**. Washington, D.C. became the official capital of the United States in 1800 when the federal government moved there from Philadelphia.",0.822206434,0
"Five-legged creatures have damaged which 1250 mile long wonder of the world?
Therefore, the answer is","['douglas shoal', 'great detached reef', 'great barrier reef history', 'great barrier reef', 'great barrier reef world heritage area']","Therefore, the answer is the Great Barrier Reef.",0.8678896603,1
"From which country do French fries originate? France, Belgium or Switzerland?
Therefore, the answer is","['der schweiz', 'switzeland', 'confederation helvetia', 'confederatio helvetica', 'swissland', 'switzerland information', 'confederation suisse', 'switserland', 'conf√©d√©ration suisse', 'swizterland', 'confederation of helvatia', 'swizerland', 'svizzera', 'confederation helvetica', 'land of switzers', 'suiza', 'confederaziun svizra', 'schweiz', 'etymology of switzerland', 'die schweiz', 'suisse', 'confederazione svizzera', 'swiss', 'svizra', 'switzerland', 'schweitz', 'swiss confederation', 'switz', 'svissland', 'schwitzerland', 'environmental integrity group', 'land of swiss', 'schweizerische eidgenossenschaft', 'swissenergy', 'conf≈ìderatio helvetica', 'confoederatio helvetica', 'switzer land', '≈°v√Ωcarsko', 'swiss confederated states', 'iso 3166 1 ch']",Belgium.,0.9597087848,0
"Fruit, cricket and horseshoe are varieties of what type of animal?
Therefore, the answer is","['bats', 'bat wing', 'cheiroptera', 'artificial bat roost', 'chiropterology', 'flinder mouse', 'chiropter', 'chiropterologist', 'chiroptera', 'bat groups', 'bat species', 'bat evolution', 'bat life expectancy', 'chiroptologist', 'chiropteras', 'flittermouse', 'bat roost', 'bat', 'barotrauma and wind turbines', 'chiropteran', 'bat conservation', 'bat animal']",bat.,0.7064223104,1
"How long does it take, approximately, for light to travel from the Sun to the Earth?
Therefore, the answer is",['about 8 minutes'],"It takes approximately **8 minutes and 20 seconds** for light to travel from the Sun to the Earth. Therefore, the answer is about **8 minutes and 20 seconds**.",0.985203225,1
"How long was swimmer Michelle Smith-de Bruin banned for attempting to manipulate a drugs test?
Therefore, the answer is","['four time', '4 years', '4 time']","Michelle Smith-de Bruin was banned from competitive swimming for **four years**. In 1998, the International Swimming Federation (FINA) found her guilty of attempting to manipulate a drug test by tampering with her urine sample. The ban effectively ended her competitive swimming career.",0.9870486065,1
"How many US Presidents have been impeached?
Therefore, the answer is","['2', 'two']","Three U.S. Presidents have been impeached:

1. **Andrew Johnson** in 1868
2. **Bill Clinton** in 1998
3. **Donald Trump** was impeached twice, first in 2019 and again in 2021

Therefore, the answer is **three U.S. Presidents have been impeached**.",0.9300924229,1
"How many definite suicides occur in the plays of William Shakespeare?
Therefore, the answer is","['13', 'thirteen']","Therefore, the answer is **15 definite suicides** that occur in the plays of William Shakespeare.

Here is a list of the characters who commit definite suicides:

1. **""Romeo and Juliet""**
   - **Romeo**: Takes poison believing Juliet is dead.
   - **Juliet**: Stabs herself after finding Romeo dead.

2. **""Julius Caesar""**
   - **Brutus**: Runs onto his own sword held by Strato.
   - **Cassius**: Has his servant Pindarus kill him with the same sword that killed Caesar.
   - **Titinius**: Kills himself after mistakenly believing Cassius is dead.
   - **Portia**: Commits suicide by swallowing hot coals due to grief over Brutus's absence.

3. **""Antony and Cleopatra""**
   - **Mark Antony**: Falls on his sword after hearing false news of Cleopatra's death.
   - **Cleopatra**: Allows herself to be bitten by an asp (venomous snake).
   - **Charmian**: Follows Cleopatra's example and also uses an asp.
   - **Iras**: Dies, presumably by the same method, shortly before Cleopatra.
   - **Eros**: Kills himself instead of killing Antony as ordered.

4. **""Othello""**
   - **Othello**: Stabs himself out of guilt after murdering Desdemona.

5. **""Hamlet""**
   - **Ophelia**: Drowns herself, overwhelmed by grief and madness.

6. **""King Lear""**
   - **Goneril**: Stabs herself after her plots are exposed and rejected by Edmund.

7. **""Macbeth""**
   - **Lady Macbeth**: Dies offstage, reported to have committed suicide due to guilt-induced madness.

These 15 instances are the most widely recognized definite suicides in Shakespeare's plays.",0.8791240738,0
"How many runs did Donald Bradman score in his last ever test match innings?
Therefore, the answer is","['none', 'none disambiguation']",Donald Bradman scored **0 runs** in his last ever Test match innings.,0.9771065221,1
"How many times was Wyatt Earp shot?
Therefore, the answer is","['none', 'none disambiguation']","Wyatt Earp was **never shot** during his lifetime. Despite being involved in numerous gunfights and serving as a lawman in the tumultuous environment of the American Old West, Earp managed to avoid being wounded by gunfire. His most famous confrontation, the Gunfight at the O.K. Corral in 1881, saw him emerge unscathed while others were injured or killed. Earp's ability to survive such dangerous encounters without injury contributed to his legendary status in American history.",0.9868234853,1
"In Hanna and Barbera's TV cartoons base on The Addams Family who was the voice of Gomez?
Therefore, the answer is",['john astin'],"Gomez Addams was voiced by **Lennie Weinrib** in the 1973 Hanna-Barbera animated series of *The Addams Family*, and by **John Astin** in the 1992 animated series also produced by Hanna-Barbera. Therefore, the answer is that **Lennie Weinrib** and **John Astin** provided the voice of Gomez in the Hanna-Barbera TV cartoons based on *The Addams Family*.",0.9579784642,1
"In computers, the X-Y Position Indicator for a Display System is now known as what?
Therefore, the answer is","['cursors', 'cursor', 'cursor disambiguation', 'cursers', 'curser']","In computers, the **X-Y Position Indicator for a Display System** is now known as the **mouse**. Therefore, the answer is **the mouse**.",0.96027515,0
"In the 1904 Olympics, how many of the 23 track and field titles were won by Americans?
Therefore, the answer is","['twenty one', '21']",22,0.6640641062,0
"In the lyrics of ‚ÄòHello, Hello, Who‚Äôs Your Lady Friend?‚Äô, Margate is mentioned in the verse.
Therefore, the answer is","['brighthelmstone', 'brighton borough council', 'county borough of brighton', 'brighton music', 'brighton uk', 'brighton england', 'brighton', 'un locode gbbsh', 'brighton east sussex', 'brighton sussex', 'brighton ferry', 'mayor of brighton']","I'm sorry, but as of my knowledge cutoff in October 2023, the lyrics of ""Hello, Hello, Who's Your Lady Friend?"" do not mention Margate. The song is a popular British music hall tune from the early 20th century that revolves around a man who is seen with a lady, leading to gossip among his acquaintances.

If there's a version or adaptation of the song that includes Margate, I might not be aware of it. Could you please provide more details or clarify your question?",0.5554568893,0
"In what year was the first Tarzan novel published?
Therefore, the answer is","['1914', 'one thousand nine hundred and fourteen']","The first Tarzan novel, **""Tarzan of the Apes""** by Edgar Rice Burroughs, was first published in **1912**. Therefore, the answer is **1912**.",0.8874573593,0
"In what year was the first in-flight movie shown on an internal flight in the USA.
Therefore, the answer is","['one thousand nine hundred and twenty nine', '1929']","The first in-flight movie shown on an internal flight in the United States was in **1921**. 

On October 15, 1921, Aeromarine Airways made history by screening a silent film titled *""Howdy Chicago""* during a flight from Chicago to New York. This event marked the first time an in-flight movie was offered to passengers on a commercial airline within the U.S. The movie showcased tourist attractions in Chicago and was part of an effort to promote the city to travelers.

This innovation was a significant milestone in aviation and passenger entertainment, laying the groundwork for the in-flight entertainment systems we are familiar with today.",0.6593097443,0
"In what year's Olympics were electric timing devices and a public-address system used for the first time?
Therefore, the answer is",['in 1912 in stockholm'],"The 1912 Summer Olympics held in Stockholm, Sweden, was the first edition of the modern Games to utilize electric timing devices and a public-address system. These technological advancements marked significant improvements in the organization and accuracy of athletic competitions.

- **Electric Timing Devices**: The introduction of electric timing allowed for more precise measurement of athletes' performances, reducing human error associated with manual stopwatch timing. This innovation was particularly important for track and field events, where accurate timing to fractions of a second can determine the difference between medal placements.

- **Public-Address System**: The use of a public-address system enhanced communication within the stadiums, enabling organizers to efficiently relay information, announcements, and event updates to both athletes and spectators. This improved the overall experience and engagement during the Games.

**Therefore, the answer is the 1912 Stockholm Olympics.**",0.5733934754,1
"In which 1956 film did actress Gina Lollobrigida make her debut in American films?
Therefore, the answer is","['aerial art', 'trapeze artist', 'trapese', 'trapeze', 'swinging trapeze']","Therefore, the answer is **""Trapeze,""** the 1956 film in which Gina Lollobrigida made her American film debut.",0.9777094592,1
"In which London thoroughfare is The Monument?
Therefore, the answer is",['pudding lane'],"The Monument to the Great Fire of London is located on Monument Street, at the junction with Fish Street Hill, in the City of London.

Therefore, the answer is **Monument Street**.",0.7932459495,0
"In which country is the Sky Train Rail bridge?
Therefore, the answer is","['canada s', 'canad√°', '·ë≤·ìá·ëï', 'ƒçanada', 'canadaa', 'america s top hat', 'cnada', 'kenadian', 'xanada', 'canadian federation', 'iso 3166 1 ca', 'canadialand', 'canada', 'canada references', 'dominion of canada', 'commonwealth of canada', 'etymology of canada', 'canadiophile']","Therefore, the answer is **Canada**.",0.9277144007,1
"In which country was Earl Spencer's acrimonious divorce settlement heard?
Therefore, the answer is","['zuidafrika', 'azania south africa', 'south africans', 'zuid africa', 'suid africa', 'afrique du sud', 'saffa', 'south africa s', 'third republic south africa', 'ningizimu afrika', 'sou frica', 'iso 3166 1 za', 'soufrica', 'capital of south africa', 's afr', 'seth efrika', 'zuid afrika', 'suid afrika', 'south africa√†', 's africa', 'republic of south africa', 'rep of south africa', 'south african', 'beloved country', 'south africa', 'southafrica', 'mzansi', 'republiek van suid afrika']",South Africa.,0.7301330863,1
"In which decade did stereo records first go on sale?
Therefore, the answer is","['1930‚Äì1939', '30s', 'nineteen thirties', '1930 1939', 'thirties', '1930s literature', '1930s decade', '1930s', '1930 s', '6030s']",the 1950s.,0.9791827388,0
"In which sport or pastime can you see nose walking?
Therefore, the answer is","['surfboarder', 'surfers', 'surf wave', 'hawaiian surfing', 'surf camp', 'barreling waves', 'boardwear', 'surfboarding', 'surfer', 'physics of surfing', 'cutback surfing move', 'üèÑ', 'barreling wave', 'surfing']","Nose walking is a technique commonly seen in **longboard surfing**. In this sport, surfers use longer surfboards, which allow them to walk along the board while riding a wave. ""Nose walking"" specifically refers to the action of walking toward the front end (or ""nose"") of the surfboard. When a surfer reaches the nose, they can perform maneuvers like ""nose riding"" or ""hanging ten,"" where all ten toes hang off the front of the board.

Therefore, the answer is **surfing**, particularly longboard surfing.",0.875736045,1
"In years and days, how old was Luigina Giavotti when she won a silver medal in gymnastics in 1928, and is still the youngest medal winner today?
Therefore, the answer is",['11 years and 302 days'],"Luigina Giavotti was born on **October 12, 1916**, and she won the silver medal in the women's team gymnastics event at the **1928 Summer Olympics**, which took place in Amsterdam. The specific date of the women's team all-around event was **August 8, 1928**.

To calculate her exact age on the day she won the medal:

1. **Calculate the years between her birth and the medal date:**
   - From **October 12, 1916**, to **October 12, 1927**, is **11 years**.

2. **Calculate the additional months and days from her 11th birthday to the medal date:**
   - From **October 12, 1927**, to **August 8, 1928**, is **9 months and 27 days**.
     - **Months:**
       - October 12 to November 12: 1 month
       - November 12 to December 12: 1 month
       - December 12 to January 12: 1 month
       - January 12 to February 12: 1 month
       - February 12 to March 12: 1 month
       - March 12 to April 12: 1 month
       - April 12 to May 12: 1 month
       - May 12 to June 12: 1 month
       - June 12 to July 12: 1 month
     - **Days:**
       - July 12 to August 8:
         - From **July 12** to **July 31**: 19 days
         - From **August 1** to **August 8**: 8 days
         - Total days: **19 + 8 = 27 days**

Therefore, Luigina Giavotti was **11 years, 9 months, and 27 days** old when she became the youngest Olympic medalist in history.

**Answer: 11 years, 9 months, and 27 days old when she won the silver medal in 1928.**",0.8539055335,0
"Kim Carnes' nine weeks at No 1 with Bette Davis Eyes was interrupted for one week by which song?
Therefore, the answer is","['stars on 45 song', 'stars on 45 single', 'stars on 45 medley', 'medley intro venus sugar sugar no reply i ll be back drive my car do you want to know secret we can work it out i should have known better nowhere man you re going to lose that girl stars on 45']","""Medley"" by Stars on 45.",0.7658439799,1
"Last month, what word was named by Oxford Dictionaries as the word of the year?
Therefore, the answer is","['—Å–µ–ª—Ñ–∏', 'no makeup selfie', 'selfy', 'falfie', 'christ redeemer selfie', 'selfie olympics', 'selfies', 'selfie']","As of my knowledge cutoff in October 2023, Oxford Dictionaries has not yet announced their Word of the Year for 2023. The most recent Word of the Year announced by Oxford Dictionaries was **""goblin mode""** in 2022.

Therefore, the answer is **""goblin mode.""**",0.78888317,0
"Macbeth belonged to which royal house or dynasty?
Therefore, the answer is","['macmalcolm', 'canmore dynasty', 'canmores', 'dunkeld dynasty', 'house of canmore', 'house of dunkeld']","Macbeth belonged to the **House of Moray**, a powerful noble family in medieval Scotland. He was Mormaer (Earl) of Moray before becoming King of Scots, reigning from 1040 to 1057. Macbeth ascended to the throne after defeating King Duncan I in battle, a common method of succession in 11th-century Scotland due to the system of tanistry, where kingship could pass to a qualified male within the royal family rather than strictly from father to son.

The historical Macbeth was known for his effective rule and is recorded to have made a pilgrimage to Rome in 1050, indicating stability during his reign. His kingship ended when he was defeated and killed by Malcolm Canmore (later Malcolm III), Duncan I's son, who sought to reclaim the throne for his lineage.

It's important to note that the historical account of Macbeth differs significantly from the portrayal in William Shakespeare's tragedy *""Macbeth.""* Shakespeare's version is a dramatic adaptation that incorporates elements of fiction and was influenced by political considerations of his time, particularly to flatter King James VI of Scotland (also James I of England), a descendant of Banquo, a character in the play.

Therefore, the answer is that Macbeth belonged to the House of Moray.",0.854362418,0
"Mickey Braddock in the 50s series Circus Boy found fame with which surname in which pop band?
Therefore, the answer is",['mickey dolenz monkees'],"Therefore, the answer is Micky Dolenz, who found fame as a member of the pop band The Monkees.",0.9404615667,1
"On a standard dartboard, what number lies opposite 18?
Therefore, the answer is","['seven', '7']",The number opposite 18 on a standard dartboard is **7**.,0.9453552197,1
"On a standard dartboard, which number lies opposite number 4?
Therefore, the answer is","['sixteen', '16']","The numbers on a standard dartboard are arranged in a specific order to penalize inaccuracy. Starting from the top (12 o'clock position), the numbers are placed in the following sequence clockwise:

1. **20**
2. **1**
3. **18**
4. **4**
5. **13**
6. **6**
7. **10**
8. **15**
9. **2**
10. **17**
11. **3**
12. **19**
13. **7**
14. **16**
15. **8**
16. **11**
17. **14**
18. **9**
19. **12**
20. **5**

To find the number opposite number **4**, we need to determine which number is directly across the board from it. On a circular dartboard with 20 numbers, the number opposite any given number is 10 positions away (since 20 divided by 2 equals 10).

- **Position of number 4**: 4th position.
- **Opposite position**: 4 + 10 = **14th position**.

Looking at the 14th position in the sequence, we find the number **16**.

**Therefore, the answer is 16.**

**Answer:** 16",0.8010849072,1
"On the Internet what is Spam?
Therefore, the answer is","['junkmail', 'junkmailing', 'junk mail', 'junk mail disambiguation']","On the Internet, **spam** refers to unsolicited and unwanted messages sent in bulk, typically for advertising, phishing, or spreading malware. These messages are often sent indiscriminately to a large number of recipients without their consent. While email spam is the most common form, spam can also appear in other mediums such as text messages, social media posts, comments, and instant messages.

Spam can be a significant nuisance as it clutters inboxes and platforms, making it harder for users to find legitimate communications. It can also pose security risks, as some spam messages may contain malicious links or attachments that can lead to malware infections or attempt to deceive individuals into providing sensitive information (a practice known as phishing).

Efforts to combat spam include the use of spam filters by email service providers, reporting and blocking features on social media platforms, and legal regulations like anti-spam laws in various countries aimed at reducing the distribution of unsolicited communications.

**Therefore, the answer is that on the Internet, spam is unwanted, unsolicited bulk messages sent without the recipient's consent, often for malicious or advertising purposes.**",0.985836072,1
"Otis Barton was a pioneer in exploring where?
Therefore, the answer is","['under water', 'undersea', 'underwater life', 'underwater']","Otis Barton was a pioneer in exploring the deep sea. He co-invented the Bathysphere with William Beebe in the early 1930s, which allowed them to descend to unprecedented depths in the ocean and conduct deep-sea observations. Their dives provided valuable insights into marine life and the conditions of the deep ocean.

Therefore, the answer is **the deep sea**.",0.9855874662,1
"Scarlett O'Hara was not beautiful, but men seldom realised it when caught by her charm as the Tarleton twins were
Therefore, the answer is","['winds of tara', 'gone with wind novel', 'gone with teh wind', 'characters in gone with wind', 'charles hamilton gone with wind', 'gone with win', 'gone w wind', 'gwtw', 'gone with wind', 'mammy gone with wind']","Therefore, the answer is that Scarlett O'Hara's charm and vivacity made men overlook the fact that she was not conventionally beautiful. This line comes from the opening of Margaret Mitchell's novel *Gone with the Wind*, where it's highlighted that men like the Tarleton twins are so captivated by her personality that they don't realize her lack of traditional beauty.",0.9526498969,1
"Shashlik is what type of food dish?
Therefore, the answer is","['shish kebob', 'kebab kenjeh ⁄©ÿ®ÿßÿ® ⁄©ŸÜÿ¨Ÿá', 'kebob', 'chapli kabab', 'shish kabob', 'kakori kebab', 'kebab', 'burrah', 'steam kebab', 'sultan s feast', 'bihari kebab', 'galouti kebab', 'kababs', 'kabab bakhtiari', 'iranian kabab', 'kabab', 'kebabs', 'sheesh kebab', 'chapli kebab', 'chenjeh kebab', 'testi kebab', 'kebap', 'shish kebab', 'kabob', 'kalmi kebab', 'kalmi', 'testi', 'shishkebab', 'kebab restaurant', 'burrah kebab', 'galouti', 'qabab', 'chelow kebab', 'shishkabob', 'kabaab']","Shashlik is a traditional dish consisting of marinated cubes of meat grilled on skewers over an open fire or grill. Originating from regions like Central Asia, the Caucasus, and Russia, it's similar to shish kebab and is popular in many Eastern European cuisines. The meat used can be lamb, pork, beef, or chicken, and it's often seasoned with herbs, spices, and sometimes vegetables are added between the meat pieces on the skewers.

**Therefore, the answer is:** Shashlik is a marinated, skewered, and grilled meat dish similar to kebabs.",0.9870089989,1
"Spud, Shot and Hand are all types of what?
Therefore, the answer is","['guns', 'gun']",guns,0.9861465591,1
"Taphephobia is the fear of losing your teeth?
Therefore, the answer is","['falsehood', 'false disambiguation', 'false']","Taphephobia, also spelled taphophobia, is the fear of being buried alive. The term comes from the Greek words *taphos* meaning ""grave"" or ""burial,"" and *phobia* meaning ""fear."" This phobia was more common in the past when methods for determining death were less reliable.

The fear of losing your teeth does not correspond to taphephobia. While there isn't a widely recognized specific term for the fear of losing teeth, dental anxiety or odontophobia refers to the fear of dentists or dental procedures.

**Therefore, the answer is that taphephobia is the fear of being buried alive, not the fear of losing your teeth.**",0.9189283355,1
"The Black Hills lie between which two rivers?
Therefore, the answer is",['belle fourche and cheyenne'],"The Black Hills are a small, isolated mountain range rising from the Great Plains in western South Dakota and extending into Wyoming. Geographically, they are situated between two significant rivers in the region: the Belle Fourche River to the north and the Cheyenne River to the south.

The **Belle Fourche River** flows northeastward, skirting the northern edge of the Black Hills. It is a tributary of the Missouri River and plays a crucial role in draining the northern slopes of the Black Hills. The river's proximity to the Black Hills contributes to the area's unique ecosystem and provides water resources for the surrounding plains.

On the other hand, the **Cheyenne River** runs along the southern boundary of the Black Hills. It also feeds into the Missouri River and drains the southern slopes of the hills. The Cheyenne River basin is significant for its agricultural and ecological importance in the region.

**Therefore, the answer is that the Black Hills lie between the Belle Fourche River and the Cheyenne River.**",0.8764588211,1
"The letter t is the second most common letter used in the English language?
Therefore, the answer is","['true song', 'true disambiguation', 'truer', 'true', 'true album']","Yes, that's correct. The letter **""t""** is the second most common letter used in the English language.",0.5874961928,1
"The ‚ÄòMahlabatari Declaration of Faith‚Äô was a statement of core principles laid down by the political leaders of which country in 1974?
Therefore, the answer is","['zuidafrika', 'azania south africa', 'south africans', 'zuid africa', 'suid africa', 'afrique du sud', 'saffa', 'south africa s', 'third republic south africa', 'ningizimu afrika', 'sou frica', 'iso 3166 1 za', 'soufrica', 'capital of south africa', 's afr', 'seth efrika', 'zuid afrika', 'suid afrika', 'south africa√†', 's africa', 'republic of south africa', 'rep of south africa', 'south african', 'beloved country', 'south africa', 'southafrica', 'mzansi', 'republiek van suid afrika']",South Africa.,0.8761218305,1
"Thomas Edison, who invented the lightbulb, was afraid of the dark?
Therefore, the answer is","['true song', 'true disambiguation', 'truer', 'true', 'true album']","No, there is no historical evidence to suggest that Thomas Edison was afraid of the dark. Thomas Edison was a prolific inventor best known for his work on the electric light bulb, among many other innovations. Biographical accounts and credible historical sources do not mention him having a fear of the dark. This idea may be a myth or a misconception that has circulated over time, but it is not supported by documented evidence.",0.9871524913,0
"To whom is Gwyneth Paltrow married?
Therefore, the answer is","['moses bruce martin', 'christopher anthony john 22chris 22 martin', 'chris martin', 'moses bruce anthony martin', 'moses martin', 'chris martin musician', 'christopher anthony john martin']","Therefore, the answer is **Brad Falchuk**. Gwyneth Paltrow is married to Brad Falchuk, a television writer, director, and producer known for his work on shows like *Glee* and *American Horror Story*. They were married in September 2018.",0.9349828623,1
"Tsar Nicholas I abidacated in 1917, who was the other monarch to abdicate during this period?
Therefore, the answer is","['konstantinos i of greece', 'konstantinos i', 'constantine i of hellenes', 'constantine oldenburg', 'constantine i of greece', 'constantine i king of hellenes', 'constantine xii']","Tsar Nicholas II of Russia abdicated in March 1917 during the Russian Revolution. During this tumultuous period of World War I, another significant monarch also abdicated: King Constantine I of Greece. 

King Constantine I faced political pressure due to his pro-German stance (he was the brother-in-law of Kaiser Wilhelm II) while Greece was divided over joining the Allies or remaining neutral. In June 1917, under pressure from the Allies and internal opposition, Constantine abdicated in favor of his second son, Alexander, as his eldest son, George, was considered too aligned with his father's policies.

**Therefore, the other monarch who abdicated during this period was King Constantine I of Greece.**",0.9169187317,1
"What US sitcom was the first exported to Britain?
Therefore, the answer is","['amos andy', 'brazilian brass mines', 'george 22kingfish 22 stevens', 'amos and andy', 'amos n andy show', 'amos n andy']","The first U.S. sitcom to be exported to Britain was **""I Love Lucy""**. Premiering in the United States in 1951, ""I Love Lucy"" starred Lucille Ball and Desi Arnaz and became a groundbreaking show in American television history. Its success led to international interest, and it was among the earliest American sitcoms broadcast on British television.

""I Love Lucy"" was notable not only for its comedic brilliance but also for its innovative production techniques, such as using a multi-camera setup in front of a live studio audience. The show's universal themes and the charismatic performance of Lucille Ball resonated with audiences worldwide, contributing to its successful export to the United Kingdom and other countries.",0.7681283648,0
"What are the only two musical notes which have no flats?
Therefore, the answer is",['c and f'],C and F,0.6405176672,1
"What are the three primary colours of light?
Therefore, the answer is",['red blue and green'],"The three primary colors of light are **red**, **green**, and **blue**. These are known as the additive primary colors because when combined in various ways, they can produce a wide spectrum of colors, including white light when all three are combined at full intensity.

Therefore, the answer is **red, green, and blue**.",0.9756026073,1
"What colour hair did Charles Dickens' character David Copperfield have?
Therefore, the answer is","['red song', 'red album', 'red comics', 'red disambiguation', 'r e d', 'red', 'red film', 'red comic']","In Charles Dickens's novel **""David Copperfield,""** the protagonist's hair color is not explicitly described. Dickens often focuses on the inner thoughts, feelings, and moral qualities of his characters rather than providing detailed physical descriptions. Therefore, there is no definitive answer regarding David Copperfield's hair color based on the text.

**Therefore, the answer is** that David Copperfield's hair color is not specified in the novel.",0.8813595338,0
"What did the Lone Ranger's title Kemo Sabe mean in Apache?
Therefore, the answer is","['l√®ine bh√†n', 'white shirt', 'leine bhan']","""Kemo Sabe,"" as used by Tonto to address the Lone Ranger, is often interpreted to mean ""trusted friend,"" ""faithful friend,"" or ""one who knows."" While the exact origin of the term is somewhat debated, it's generally considered to be derived from Native American languages, though not specifically Apache.

One prevalent theory suggests that ""Kemo Sabe"" comes from the Ojibwe (Chippewa) phrase **""giimoozaabi,""** which translates to ""he who peeks"" or ""he who looks in secret,"" implying someone who is insightful or has secret knowledge. This interpretation aligns with the portrayal of the Lone Ranger as a perceptive and resourceful character.

Another theory points to the Apache language, but there is no direct translation of ""Kemo Sabe"" in Apache. Some speculate that it might be a rough approximation or anglicization of words from other Native languages or simply a creation for the show without a direct linguistic origin.

**Therefore, the answer is:**

In the context of the Lone Ranger, ""Kemo Sabe"" means **""trusted friend""** or **""faithful friend,""** though it does not have a direct meaning in the Apache language.",0.9827536651,0
"What had Edmond Hillary worked at before taking up mountain climbing?
Therefore, the answer is","['bee keepers', 'bee keeping', 'beekeeping', 'beekeeping helmet', 'bee farming', 'beekeeping suit', 'apairist', 'apiculture', 'history of beekeeping', 'beekiping', 'bee keeper', 'bee culture', 'beekeeping leading practices', 'apiarian']","Before taking up mountain climbing, Sir Edmund Hillary worked as a **beekeeper** in New Zealand. Beekeeping was a family profession; his father owned several beehives, and Edmund joined the family business after completing his education. The seasonal nature of beekeeping allowed him free time during the colder months, which he used to pursue his interest in mountaineering. This flexibility was instrumental in enabling him to develop the skills that eventually led to his historic ascent of Mount Everest in 1953 alongside Tenzing Norgay.

Therefore, the answer is that **Edmund Hillary was a beekeeper before he took up mountain climbing**.",0.9870430452,1
"What is a female gerbil called?
Therefore, the answer is","['doe disambiguation', 'doe']","Therefore, the answer is that a female gerbil is called a **doe**.",0.9464128355,1
"What is a female skunk called?
Therefore, the answer is","['sows', 'sow disambiguation', 'sow']","A female skunk is called a **doe**. Therefore, the answer is **doe**.",0.6984606749,0
"What is the approximate circumference of the earth?
Therefore, the answer is",['24 900 miles'],"The approximate circumference of the Earth is **40,075 kilometers** (or **24,901 miles**). Therefore, the answer is approximately **40,075 kilometers**.",0.9859979632,1
"What is the final event in a decathlon?
Therefore, the answer is","['1500 metres', 'one thousand five hundred distance', '1500 distance']",The final event in a decathlon is the **1500 meters race**.,0.754224212,1
"What is the largest city in Ohio?
Therefore, the answer is","['rock and roll capital of world', 'cleveland ohio us', 'cleaveland', 'sister cities of cleveland ohio', 'cleve', 'cleveland', 'cleveland cuyahoga ohio', 'cleveland ohio', 'government of cleveland ohio', 'cleveland ohio u s', 'un locode uscle', 'rock n roll capital of world', 'cleveland oh', 'cleveland usa', 'poznan ohio', 'government of cleveland', 'cleveland ohio usa', 'urban community school', 'ohio cleveland', 'sixth city', 'clevelnad']","Therefore, the answer is **Columbus**, which is the largest city in Ohio.",0.9706023646,0
"What is the name of the laboratory in New Jersey which is associated with Thomas Edison?
Therefore, the answer is","['menlo park disambiguation', 'menlo park']","Thomas Edison's laboratory in New Jersey is called the **Menlo Park Laboratory**. It was here that Edison conducted many of his most significant experiments and inventions, including the development of the phonograph and improvements to the incandescent light bulb.

Therefore, the answer is **the Menlo Park Laboratory**.",0.9517546815,1
"What is the name of the perfume launched by British boyband JLS in January 2013?
Therefore, the answer is","['loveworthy', 'latin words for love', 'sacrificial love', 'love', 'loveliest', 'true love feeling', 'idealized love', 'chemistry of love', 'üíë', 'idealised love', 'lovable', 'ÊÑõ', 'lovelier', 'lovingly', 'loving relationship', 'loves', 'prem hinduism', 'love interest']","The perfume launched by the British boyband JLS in January 2013 is called **""Love""**. Therefore, the answer is **""Love""**.",0.7976868412,1
"What is the second most common word in written English?
Therefore, the answer is","['o f', 'of disambiguation', 'of']","The second most common word in written English is **""of""**.

Therefore, the answer is **""of""**.",0.9527840853,1
"What is the southernmost city in USA
Therefore, the answer is","['honululu', 'honululu hawaii', 'honolulu ccd', 'honolulu hawai i', 'pacific honolulu', 'honolulu hawaii united states', 'city of honolulu', 'history of honolulu', 'honolulu usa', 'honolulu hawaii', 'honolulu district', 'honolulu urbanized area', 'honolulu area rail rapid transit', 'honolulu cdp', 'capital of hawaii', 'un locode ushnl', 'honolulu united states', 'honolulu hi msa', 'honolulu hawaii usa', 'honolulu', 'city of honolulu hawaii', 'honolulu hawa ii', 'honolulu oahu', 'honolulu hi']","The southernmost city in the United States is **Pago Pago**, the capital of American Samoa. Located at approximately 14.28¬∞ South latitude, Pago Pago lies in the Southern Hemisphere, making it the southernmost point under U.S. jurisdiction with an incorporated city.

While Key West, Florida, is often cited as the southernmost city in the continental United States at about 24.55¬∞ North latitude, and Na ªƒÅlehu in Hawaii is the southernmost in the 50 states at roughly 19.05¬∞ North latitude, **Pago Pago surpasses both in southern latitude**. As a part of an unincorporated U.S. territory, American Samoa holds this distinction, and Pago Pago serves as its primary urban center and harbor.

Therefore, the answer is **Pago Pago, American Samoa**.",0.6539130348,0
"What percentage of the earth's surface is covered by Europe?
Therefore, the answer is","['8', 'eight']",Europe covers approximately **2%** of the Earth's total surface area.,0.983993491,0
"What sport or pastime would you be playing if your balls were black and blue and your opponent's were red and yellow?
Therefore, the answer is","['lead off striker', 'association croquet', 'croquet', 'croquet ball', 'croquet mallet']",The sport is croquet.,0.9767835362,1
"What was Blondie's last UK No 1 of the 80s?
Therefore, the answer is","['teaching of rapture', 'pre tribulation rapture', 'rapture protestant belief', 'midtribulation rapture', 'rapture', 'pretribulation rapture', 'pre tribulational', 'mid tribulation rapture', 'midtribulationism', 'pretribulationistism', 'pre trib', 'pre tribulation']","Blondie's last UK No. 1 hit of the 1980s was ""**The Tide Is High**,"" which topped the UK Singles Chart in November 1980. This reggae-influenced track is a cover of a song originally performed by The Paragons in 1967. Blondie's rendition became one of their most successful singles, showcasing the band's versatility and Debbie Harry's distinctive vocals.",0.9862693864,0
"What was Eddie Murphy's first movie?
Therefore, the answer is","['48 hours', '48 time', 'forty eight time']","""48 Hrs."" was Eddie Murphy's first movie.",0.9861599331,1
"What was journalist Richard Littlejohn‚Äôs nickname for Cherie Blair?
Therefore, the answer is","['wicked witch of west', 'witch of west', 'wicked witch', 'wizard of oz wicked witch of west']","Richard Littlejohn's nickname for Cherie Blair was **""The Wicked Witch.""**",0.7503519448,1
"What was the last US state to reintroduce alcohol after prohibition?
Therefore, the answer is","['history of mining in utah', 'geography of utah', '45th state', 'utah united states', 'youtah', 'us ut', 'transportation in utah', 'utahn', 'state of utah', 'beehive state', 'salt lake seagulls', 'transport in utah', 'utah state', 'politics of utah', 'utah state nickname', 'forty fifth state', 'religion in utah', 'ut state', 'sports in utah', 'climate of utah', 'education in utah', 'utah', 'utahan', 'yutas', 'history of utah to 1847', 'utah u s state']",Mississippi,0.9747780745,0
"What was the name of the comedy written by Ray Galton, Alan Simpson which aired 57 episodes?
Therefore, the answer is","['harold steptoe', 'steptoe and son', 'steptoe son', 'albert steptoe']",Steptoe and Son,0.9775603998,1
"What was the name of the old Waddington‚Äôs game based on newspapers?
Therefore, the answer is","['scoop', 'scoop disambiguation', 'scooping', 'scoops', 'scoop film']",Scoop,0.9844208703,1
"What was the only film directed by Cecil B DeMille in which actor John Wayne appeared?
Therefore, the answer is",['reap wild wind'],"""Reap the Wild Wind"" is the only film directed by Cecil B. DeMille in which actor John Wayne appeared.",0.9836362001,1
"What were Benjy and Laska, which were sent into space in 1958?
Therefore, the answer is","['mouse', 'reproductive behavior of mice', 'üê≠', 'mouse rodent', 'mouse animal', 'mice', 'mouse subgenus', 'mus genus', 'üêÅ']","As of my knowledge cutoff in October 2023, there are no records of animals named **Benjy** and **Laska** being sent into space in 1958. However, there are notable instances of animals sent into space around that time:

- **Laika** was a Soviet space dog who became the first animal to orbit the Earth aboard **Sputnik 2** in November 1957.
- In May 1959, the United States sent two monkeys named **Able** (a rhesus monkey) and **Baker** (a squirrel monkey) into space aboard a Jupiter IRBM rocket. They became the first monkeys to survive spaceflight.

It's possible that the names **Benjy** and **Laska** might be a mix-up with **Laika** or other space animals. If you have additional information or sources that mention Benjy and Laska, please let me know so I can provide a more accurate answer.",0.2503219262,0
"Which American called the Daily Mail ‚Äòthe worst kind of tabloid‚Äô?
Therefore, the answer is","['george cloony', 'clooney george', 'george t clooney', 'goerge clooney', 'challenge 2011 film', 'max pig', 'george klooney', 'george timothy clooney', 'george clooney', 'list of george clooney awards and nominations']","Therefore, the answer is **George Clooney**, the American actor and filmmaker who called the *Daily Mail* ""the worst kind of tabloid.""",0.8288788092,1
"Which Muppet from the television series shares a name with a former US President?
Therefore, the answer is","['grover s mommy', 'baby grover', 'grover', 'grover monster', 'super grover', 'grover sesame street', 'global grover', 'grover s mom']",Grover,0.8814414476,1
"Which UK band had 2 top ten singles in the same week in 2001?
Therefore, the answer is","['flicker musician', 'jenny watkins isnardi', 'i know i believe in nothing but it is my nothing', '70 songs of hatred and failure', 'manics', 'manic street preachers']",So Solid Crew.,0.8461186478,0
"Which actress was voted Miss Greenwich Village in 1942?
Therefore, the answer is","['lauren becall', 'loren bacall', 'lauren becal', 'lauren bacall', 'betty j perske', 'betty perske', 'betty joan perske', 'bacall', 'betty joan perski']",**Lauren Bacall** was voted Miss Greenwich Village in 1942.,0.7302178231,1
"Which boxer famously said,'' If I can't beat this bum take my name off the record books?'
Therefore, the answer is","['rocco francis marchegiano', 'rocky marciano', 'brockton bomber', 'marciano rocky', 'brockton blockbuster', 'rocco marchegiano']","The boxer who famously said, **""If I can't beat this bum, take my name off the record books,""** is **Joe Louis**. Joe Louis was an American professional boxer who held the heavyweight championship from 1937 to 1949, one of the longest reigns in the division's history. The quote reflects Louis's confidence before one of his title defenses against an opponent he considered less challenging.",0.4784104579,0
"Which branch of science has four fundamental principles: addition, subtraction, multiplication, and division.
Therefore, the answer is","['arithmetic operations', 'arithmetics', 'arithmetic operators', 'history of arithmetic', 'arithmetic', 'additive operator', 'arithmatic', '‚àí√ó√∑', 'x', 'arithmetic operation', 'multiplicative operator', 'rithmetic', 'arithmetician', 'arithmetic operator', 'arithmetik', 'aritmetika', 'arithmetical operations']","**Arithmetic** is the branch of mathematics that deals with the four fundamental operations: addition, subtraction, multiplication, and division. These operations form the basis of most mathematical calculations and are essential for understanding more advanced concepts in mathematics and various scientific fields.

Therefore, the answer is **arithmetic**.",0.9783650335,1
"Which cartoon and film character is the nickname of super athlete Michael Johnson?
Therefore, the answer is","['supes', 'superman clark kent', 'kal el', 'supertman', '√ºbermensch', 'man of tomorrow', 'more powerful than locomotive', 'kirk brent', 'codename patriot', 'stalmannen', 'superman comics', 'faster than speeding bullet', 'superman costume', 'superman secret files', 'superman fictional character', 'superman dc comics', 'jordan elliot', 'super man', 'action ace', 'big blue cheese', 'supaaman', 'big blue boy scout', 'ubermensch', 'superman character', 'gojjum', 'superman', 'metropolis marvel', 'st√•lmannen', 'superman kal el', 'supraman', 'able to leap tall buildings in single bound']",The cartoon and film character that is the nickname of super athlete Michael Johnson is **The Flash**.,0.462996249,0
"Which dancer has only one notable film cameo, appearing with Sean Connery in the 1979 movie The First Great Train Robbery, breaking into a guarded station office.
Therefore, the answer is",['wayne sleep'],**Wayne Sleep**,0.7551666667,1
"Which drink is known as ‚ÄòThe Wine of Islam‚Äô?
Therefore, the answer is","['joe coffee', 'health effects of coffee', 'specialty coffees', 'brazilian coffee', 'kaffee', 'roasted coffee', 'kawha', 'coffe', 'caff√©', 'ginseng coffee', 'cup of joe', 'health and pharmacology of coffee', 'coffee bags', 'coffee and health', 'cafe de columbia', 'gavaccino', 'coffee brewing method', 'health effect of coffee', 'regular coffee', 'coffee brews', 'coffee', 'coffee drink', 'medical effects of coffee', 'effects of coffee', 'gourmet coffee']","Therefore, the answer is **coffee**.",0.9792336134,1
"Which entertainer had a gospel minister character called Brother Lee Love?
Therefore, the answer is","['kenny everett', 'maurice cole', 'kenny everet']","Kenny Everett was the entertainer who portrayed the gospel minister character called **Brother Lee Love**. Kenny Everett was a British comedian, radio DJ, and television entertainer known for his innovative and humorous sketches, often featuring a range of eccentric characters. Brother Lee Love was one of his satirical creations on ""The Kenny Everett Television Show,"" where he parodied evangelical television preachers with his trademark humor and catchphrases.",0.5797597268,1
"Which female singer was born on exactly the same day as impressionist Rich Little?
Therefore, the answer is","['tinna turner', 'tina turner s', 'tina turner', 'tina tuner', 'anna bullock', 'annie mae bullock', 'anna mae bullock']","The female singer who was born on exactly the same day as impressionist Rich Little‚ÄîNovember 26, 1939‚Äîis **Tina Turner**. Both were born on November 26, 1939, making them birth date twins.",0.7403800136,1
"Which former US boxer is referred to as the ‚ÄòPoet laureate of boxing‚Äô?
Therefore, the answer is",['floyd mayweather sr'],Muhammad Ali,0.9587025185,0
"Which is the only team to have won football‚Äôs Premier League once and once only?
Therefore, the answer is","['blackburn fc', 'blackburn roavers f c', 'blackburn rovers fc', 'blackburn f c', 'blackburn rovers football club', 'blackburn rovers f c', 'blackburn rovers']","Therefore, the answer is **Leicester City**.",0.7268793195,0
"Which serialised TV drama had a title that is a Lesbian slang term for oral sex?
Therefore, the answer is","['tipping velvet novel', 'tipping velvet']",Lip Service,0.9171635506,0
"Which shipping forecast area is directly north of German Bight?
Therefore, the answer is","['fishers', 'fisher disambiguation', 'fisher']","The shipping forecast area directly north of German Bight is **Fisher**. 

Therefore, the answer is **Fisher**.",0.5535358528,1
"Which war veteran was Director of News & Special Events for ABC before find fame as a TV cop?
Therefore, the answer is","['thomas william 22tom 22 selleck', 'thomas selleck', 'tom selleck', 'thomas william selleck']","The war veteran who served as Director of News & Special Events for ABC before finding fame as a TV cop is **Telly Savalas**.

Telly Savalas was a World War II veteran who began his career in broadcasting after the war. He worked for ABC News, where he eventually became the Director of News Special Events. In this role, he was responsible for producing and directing news and special event programming.

After his tenure at ABC, Savalas transitioned into acting. He gained widespread fame for his portrayal of the lollipop-loving detective Lieutenant Theo Kojak in the popular 1970s television series **""Kojak.""** His charismatic performance and the show's popularity made him an iconic figure in television history.

Therefore, the answer is **Telly Savalas**.",0.8452020399,0
"Which was the first European city this century to open an underground railway system?
Therefore, the answer is","['par√≠s', 'paris europe', 'paris etymology', 'paname', 'cuisine of paris', 'paris', 'departement de paris', 'pa≈ô√≠≈æi', 'ville lumi√®re', 'city of love city', 'paris √Æle de france', 'paris ile de france', 'pa≈ô√≠≈æ', 'name of paris and its inhabitants', 'parisian person', 'sports in paris', 'paris agglomeration', 'd√©partement de paris', 'sport in paris', 'ville lumiere', 'paris banks of seine', 'suburbs of paris', 'france paris', 'rue de menilmontant', 'rue de m√©nilmontant', 'weather in paris', 'paris france', 'parizi', 'leucetia', 'paree', 'paris √Æle de france france', 'frpar', 'un locode frpar', 'parisien', 'parijs']","Therefore, the answer is **Rennes, France**, which inaugurated its metro system on March 15, 2002. This made Rennes the first European city in the 21st century to open a new underground railway system.",0.7983952515,0
"Which was the first country outside the UK to screen the television series ‚ÄòDoctor Who‚Äô?
Therefore, the answer is","['newzealand', 'new zealand', 'aotearoa', 'kiwistan', 'new zeland', 'staten land', 'staten landt', 'neo zealand', 'new zeeland', 'mew zealand', 'new zealand s', 'new zealend', 'iso 3166 1 nz', 'nova zeelandia', 'aotearoa new zealand', 'nu tirani', 'subdivisions of new zealand', 'n zealand', 'new zealnd', 'new zealnad', 'new xealand', 'administrative divisions of new zealand', 'maoriland', 'nzl', 'niu tireni', 'new z', 'its got that new zeal', 'n z', 'name of new zealand', 'enzed', 'nz', 'new zaeland', 'new zelanad', 'sheepland', 'etymology of new zealand', 'kiwiland', 'mƒÅoria', 'staaten land', 'nouvelle zelande']","Therefore, the answer is **New Zealand**.",0.6264994653,1
"Which word can go before Side, End and Ability to make three other words?
Therefore, the answer is","['port of discharge', 'shipping port', 'ice free harbor', 'fluvial port', 'port', 'ice free port', 'ferry port', 'fishing port', 'deep water port', 'warm water port', 'seaport', 'seaports', 'deepwater port', 'port town', 'sea port', 'commercial port', 'ports disambiguation', 'ice free harbour', 'seaports of japan', 'sea ports', 'ports', 'deepwater pier', 'port city']","The word that can go before ""Side,"" ""End,"" and ""Ability"" to make three other words is **Port**.

- **Port** + Side = **Portside** (the left side of a ship or aircraft when facing forward)
- **Port** + End = **Portend** (to be a sign or warning that something significant is likely to happen)
- **Port** + Ability = **Portability** (the quality of being light and small enough to be easily carried or moved)

Therefore, the answer is **Port**.",0.9504805231,1
"Which word can go before Work, Guard and Dog to make three other words?
Therefore, the answer is","['üî•', 'fire damage', 'open flame', 'fire', 'alight', 'fires', 'firetending', 'causes of fire']","The word is ""Fire"":

1. **Firework**: a device containing gunpowder and other combustible chemicals which causes spectacular effects and explosions when ignited, used for display or in celebrations.
2. **Fireguard**: a screen or grid placed in front of a fireplace to prevent sparks and embers from escaping.
3. **Firedog**: an andiron; a metal support for logs in a fireplace.

Therefore, the answer is **Fire**.

**Answer:** Fire",0.8080439954,1
"Which year saw the only hijacking of a British commercial flight?
Therefore, the answer is","['1970', 'one thousand nine hundred and seventy']","The only hijacking of a British commercial flight occurred in **2000**. In December of that year, British Airways Flight 2069 from London Gatwick to Nairobi was hijacked by a passenger who attempted to seize control of the aircraft. The hijacker was subdued by the crew and passengers, and the plane landed safely.

**Therefore, the answer is 2000.**",0.5155982888,0
"Who beat Tim Henman in his first Wimbledon singles semifinal?
Therefore, the answer is","['sampras', 'sampras pete', 'peter sampras', 'pete sampras', 'petros 22pete 22 sampras']",Pete Sampras beat Tim Henman in his first Wimbledon singles semifinal.,0.9614229536,1
"Who bought Donington Park‚Äôs Dunlop Bridge at a memorabilia auction?
Therefore, the answer is","['chris evans', 'chris evans politician', 'chris evans disambiguation', 'christopher evans', 'evans christopher', 'christopher evans disambiguation', 'evans chris']","As of October 2023, the identity of the buyer who purchased Donington Park‚Äôs iconic Dunlop Bridge at a memorabilia auction has not been publicly disclosed. The bridge, a well-known feature of the Donington Park race circuit in Leicestershire, England, was put up for auction along with other memorabilia related to the track's history. While the auction garnered significant attention from motorsport enthusiasts, details regarding the successful bidder for the Dunlop Bridge have not been released to the public.",0.6918408795,0
"Who created the ‚ÄòA‚Äô Line in 1955?
Therefore, the answer is","['jacques benita', 'dior monsieur', 'christian dior']",Christian Dior created the 'A' Line in 1955.,0.9891127871,1
"Who did Top of the Pops mistakenly portray in a Dexys Midnight Runners song?
Therefore, the answer is","['jockie wilson', 'jocky wilson', 'jockey wilson']",Jocky Wilson.,0.9710700541,1
"Who dubbed Miss Piggy's singing voice in The Muppet Movie?
Therefore, the answer is","['clem mathis', 'christmas eve with johnny mathis', 'jonny mathis', 'johnny matthis', 'john royce mathis', 'johnny mathis', 'johnnie mathis']","Therefore, the answer is **Frank Oz**, who performed both the speaking and singing voices for Miss Piggy in *The Muppet Movie* (1979).",0.5384285306,0
"Who had the most expensive presidential inauguration ceremony of the 20th century?
Therefore, the answer is","['bush junior', 'bushian', 'george w budh', 'g dub', 'baby bush', 'bush ii', 'george w bush', 'gorge w bush', 'g walker bush', 'jorge w bush', 'george w bush jr', 'us president george w bush', 'george w bush street', 'goerge w bush', 'george bush junior', 'georgewbush', 'gw bush', 'george walker bush', '43rd pesident of united states', 'george w bush 43rd president of united states', 'george w buah', 'george bush 2000', 'international perception of george w bush', 'dubya bush', 'george bush jr', 'george w bush painter', 'george w', 'junior bush', 'bush george w', 'dubyuh', 'g w bush', 'w bush', 'george dubya bush', 'george bush ii', 'george bush 2', 'dubya', 'bushists', 'president bush 2000', '2004 republican presidential nominee', 'religious faith of george w bush', 'president bush 43', 'former president george w bush', 'bush 43', '43rd president of united states', 'g w b', 'george w bussh', 'bush jr', 'george w–∞lker bush', 'president george walker bush', 'bush younger', 'george bush 43rd u s president', 'george bush 43', 'george younger', '2000 republican presidential nominee', 'geroge w bush', 'president george w bush']","Bill Clinton had the most expensive presidential inauguration ceremony of the 20th century. His second inauguration in 1997 was particularly noteworthy for its high costs, which were reported to be around **$42 million** at the time. The expenses covered a series of events including the inaugural parade, multiple inaugural balls, concerts, and other celebrations that spanned several days.

The funding for these festivities came from private donations and corporate sponsors, which led to discussions about the influence of money in politics and the role of special interests. Despite the debates, the inauguration set a precedent for the scale and extravagance of future presidential inaugurations.

Therefore, the answer is **Bill Clinton**.",0.9227906124,0
"Who played Frankenstein in the 1994 film of the same name?
Therefore, the answer is","['kenneth brannagh', 'kenneth charles branagh', 'branagh', 'branagh kenneth', 'kenneth branagh', 'sir kenneth branagh', 'ken branagh', 'kenneth brannaugh']","In the 1994 film **""Mary Shelley's Frankenstein,""** the character of Dr. Victor Frankenstein was portrayed by **Kenneth Branagh**, who also directed the film. 

Therefore, the answer is **Kenneth Branagh**.",0.986021629,1
"Who was the cartoon adversary of Pixie and Dixie, who would often say I hate those meeces to pieces?
Therefore, the answer is","['mr jinx', 'jinxy']",Mr. Jinks.,0.9461831958,1
"Who was the defending champion when Martina Navratilova first won Wimbledon singles?
Therefore, the answer is","['virginia wade', 'sarah virginia wade']",Virginia Wade.,0.9861100279,1
"Who was the director of the CIA from 1976-81?
Therefore, the answer is","['georgebush', 'george bushe', 'goerge bush', 'bush george', 'geroge bush', 'george w bush disambiguation', 'g bush', 'george bush president', 'george bush', 'georg bush', 'george bush disambiguation']","George H. W. Bush served as the Director of the Central Intelligence Agency (CIA) from January 30, 1976, to January 20, 1977. Following his tenure, E. Henry Knoche served as Acting Director from January 20, 1977, to March 9, 1977. Admiral Stansfield Turner then took over as Director on March 9, 1977, and served until January 20, 1981.

Therefore, the Directors of the CIA from 1976 to 1981 were:

1. **George H. W. Bush** (January 30, 1976 ‚Äì January 20, 1977)
2. **E. Henry Knoche** (Acting Director, January 20, 1977 ‚Äì March 9, 1977)
3. **Stansfield Turner** (March 9, 1977 ‚Äì January 20, 1981)",0.9188563854,1
"Who was the first US-born winner of golf's British Open?
Therefore, the answer is","['hagen walter', 'walter hagen', 'walter charles hagen']","Walter Hagen was the first U.S.-born golfer to win the British Open (The Open Championship). He achieved this historic victory in 1922 at Royal St George's Golf Club in Sandwich, England. Hagen's win marked a significant moment in golfing history, as it signaled the rise of American golfers on the international stage. He went on to win the British Open four times in total, solidifying his legacy as one of the sport's greats.",0.9887472402,1
"Who was the only female victim to be killed off in the opening credit sequence in Police Squad?
Therefore, the answer is","['florence hendersen', 'florence agnes henderson', 'florence henderson', 'flo henderson']","The only female victim to be killed off in the opening credit sequence of **_Police Squad!_** was **Florence Henderson**. Known for her role as Carol Brady on _The Brady Bunch_, Henderson appeared as a special guest star in the opening credits of one episode, where she humorously met an untimely demise. This was a running gag in the series, where famous guest stars would be introduced but promptly ""killed off"" before the episode began. Florence Henderson was the sole female celebrity to participate in this comedic bit.",0.9814250419,1
"Whose arch nemisis is the Red Skull?
Therefore, the answer is","['captain americas', 'runaways comics story arcs', 'captain america s', 'runaways comics', 'fantastic fourteen', 'runaways film', 'runaways comic']",Captain America.,0.9860954279,1
"Yellow-pine, Uinta and Lodgepole are all types of which animal?
Therefore, the answer is","['chipmonk', 'tamias', 'chip munk', 'microbear', 'chip monk', 'üêø', 'chipmunks', 'chipmunk']",Chipmunk.,0.985523956,1
"Yuan Yuan was caught carrying drugs for which Chinese team?
Therefore, the answer is","['to suijutsu', 'swam', 'swimming disambiguation', 'swimming']","As of my knowledge cutoff in October 2023, there are no public reports or verified information indicating that an individual named Yuan Yuan was caught carrying drugs for any Chinese team. It's possible that this information emerged after my last update or may be based on misinformation.

For the most accurate and up-to-date information, I recommend checking recent credible news sources or official statements from relevant authorities.",0.8028992057,0
"‚ÄòA crutch and a duck‚Äô is the term for which bingo number?
Therefore, the answer is","['72', 'seventy two']",72,0.6657908136,1
"‚ÄòMucke‚Äô is the Serbo-Croatian name for which UK tv series?
Therefore, the answer is","['only fools and horses', 'paddy greek', 'of h', 'george trotter', 'peckham echo', 'sunglasses ron', 'yernly fyerls and nesbits', 'only fools horses', 'only fools', 'trotters international traders plc', 'lovely jubly', 'voted britain s best sitcom', 'once upon time in peckham', 'trotters independent traders', 'nelson mandella house']",**Only Fools and Horses**,0.9099890105,1
"‚ÄúAnd in the end you wind up dying all alone on some dusty street. For what? For a tin
Therefore, the answer is","['high noon', 'high noon 1952 film', 'high noon movie', 'high noon film']",star,0.9218933683,0